month,table,城市,环比,同比,1-10月平均,90m2及以下-环比,90m2及以下-同比,90m2及以下-1-10月平均,90-144m2-环比,90-144m2-同比,90-144m2-1-10月平均,144m2以上-环比,144m2以上-同比,144m2以上-1-10月平均,1-12月平均,90m2及以下-1-12月平均,90-144m2-1-12月平均,144m2以上-1-12月平均,1-11月平均,90m2及以下-1-11月平均,90-144m2-1-11月平均,144m2以上-1-11月平均,1-9月平均,90m2及以下-1-9月平均,90-144m2-1-9月平均,144m2以上-1-9月平均,1-8月平均,90m2及以下-1-8月平均,90-144m2-1-8月平均,144m2以上-1-8月平均,1-7月平均,90m2及以下-1-7月平均,90-144m2-1-7月平均,144m2以上-1-7月平均,1-5月平均,90m2及以下-1-5月平均,90-144m2-1-5月平均,144m2以上-1-5月平均,1-4月平均,90m2及以下-1-4月平均,90-144m2-1-4月平均,144m2以上-1-4月平均,累计,90m2及以下-累计,90-144m2-累计,144m2以上-累计,定基,90m2及以下-定基,90-144m2-定基,144m2以上-定基
2025-10,second_hand_category_2,唐山,,,,99.5,92.0,89.8,98.8,91.2,89.8,99.2,91.6,90.0,,,,,,,,,,,,,,,,,,,,,,,,,,,,,,,,,,,,
2025-10,second_hand_category_2,秦皇岛,,,,99.3,91.9,90.0,99.8,92.8,90.5,99.2,91.9,91.0,,,,,,,,,,,,,,,,,,,,,,,,,,,,,,,,,,,,
2025-10,second_hand_category_2,包头,,,,99.0,93.3,90.5,99.1,92.3,90.8,99.0,92.2,91.2,,,,,,,,,,,,,,,,,,,,,,,,,,,,,,,,,,,,
2025-10,second_hand_category_2,丹东,,,,99.8,95.3,91.9,99.9,95.3,91.8,100.3,95.5,93.2,,,,,,,,,,,,,,,,,,,,,,,,,,,,,,,,,,,,
2025-10,second_hand_category_2,锦州,,,,99.9,94.1,92.4,99.8,94.9,92.4,99.5,93.7,94.2,,,,,,,,,,,,,,,,,,,,,,,,,,,,,,,,,,,,
2025-10,second_hand_category_2,吉林,,,,99.2,95.2,95.0,99.4,95.5,94.8,99.6,95.3,95.4,,,,,,,,,,,,,,,,,,,,,,,,,,,,,,,,,,,,
2025-10,second_hand_category_2,牡丹江,,,,99.8,96.0,93.2,99.3,95.5,93.9,99.5,95.9,93.2,,,,,,,,,,,,,,,,,,,,,,,,,,,,,,,,,,,,
2025-10,second_hand_category_2,无锡,,,,98.9,94.1,93.8,99.2,95.5,94.9,98.9,95.9,94.3,,,,,,,,,,,,,,,,,,,,,,,,,,,,,,,,,,,,
2025-10,second_hand_category_2,徐州,,,,98.6,91.6,92.0,98.8,92.2,93.0,99.0,93.2,93.7,,,,,,,,,,,,,,,,,,,,,,,,,,,,,,,,,,,,
2025-10,second_hand_category_2,扬州,,,,99.0,92.3,91.9,99.2,92.6,91.8,99.1,91.9,90.9,,,,,,,,,,,,,,,,,,,,,,,,,,,,,,,,,,,,
2025-10,second_hand_category_2,温州,,,,99.1,93.0,91.5,99.2,94.3,91.6,99.0,92.5,90.8,,,,,,,,,,,,,,,,,,,,,,,,,,,,,,,,,,,,
2025-10,second_hand_category_2,金华,,,,99.3,94.6,91.2,99.4,95.6,91.9,99.3,94.6,90.9,,,,,,,,,,,,,,,,,,,,,,,,,,,,,,,,,,,,
2025-10,second_hand_category_2,蚌埠,,,,99.3,94.6,94.2,99.5,95.7,94.8,100.0,94.6,93.6,,,,,,,,,,,,,,,,,,,,,,,,,,,,,,,,,,,,
2025-10,second_hand_category_2,安庆,,,,99.3,92.7,92.1,99.8,93.6,92.2,99.3,92.5,91.2,,,,,,,,,,,,,,,,,,,,,,,,,,,,,,,,,,,,
2025-10,second_hand_category_2,泉州,,,,98.9,94.0,91.3,99.8,95.5,90.7,99.7,95.8,91.9,,,,,,,,,,,,,,,,,,,,,,,,,,,,,,,,,,,,
2025-10,second_hand_category_2,九江,,,,99.4,95.3,93.1,99.0,94.5,92.9,99.4,94.0,92.3,,,,,,,,,,,,,,,,,,,,,,,,,,,,,,,,,,,,
2025-10,second_hand_category_2,赣州,,,,99.3,95.4,95.9,99.7,96.3,96.6,99.5,95.7,95.9,,,,,,,,,,,,,,,,,,,,,,,,,,,,,,,,,,,,
2025-10,second_hand_category_2,烟台,,,,98.9,91.9,91.2,99.4,94.3,93.4,99.3,93.7,92.7,,,,,,,,,,,,,,,,,,,,,,,,,,,,,,,,,,,,
2025-10,second_hand_category_2,济宁,,,,99.1,92.4,93.6,99.9,94.9,95.1,99.8,95.2,95.3,,,,,,,,,,,,,,,,,,,,,,,,,,,,,,,,,,,,
2025-10,second_hand_category_2,洛阳,,,,98.7,94.6,94.3,99.3,96.4,94.6,99.5,96.0,94.3,,,,,,,,,,,,,,,,,,,,,,,,,,,,,,,,,,,,
2025-10,second_hand_category_2,平顶山,,,,99.0,95.6,95.0,99.1,93.8,95.1,99.1,95.7,95.3,,,,,,,,,,,,,,,,,,,,,,,,,,,,,,,,,,,,
2025-10,second_hand_category_2,宜昌,,,,99.6,95.7,93.7,99.5,96.4,94.5,100.0,95.7,93.4,,,,,,,,,,,,,,,,,,,,,,,,,,,,,,,,,,,,
2025-10,second_hand_category_2,襄阳,,,,99.5,93.1,91.0,98.9,93.2,91.3,99.0,92.7,92.7,,,,,,,,,,,,,,,,,,,,,,,,,,,,,,,,,,,,
2025-10,second_hand_category_2,岳阳,,,,99.0,95.8,94.9,99.3,94.6,94.2,99.4,95.0,94.1,,,,,,,,,,,,,,,,,,,,,,,,,,,,,,,,,,,,
2025-10,second_hand_category_2,常德,,,,99.0,92.3,91.6,99.1,91.9,91.9,99.1,93.3,92.3,,,,,,,,,,,,,,,,,,,,,,,,,,,,,,,,,,,,
2025-10,second_hand_category_2,韶关,,,,99.7,96.1,94.4,99.2,94.7,93.6,99.5,94.7,94.3,,,,,,,,,,,,,,,,,,,,,,,,,,,,,,,,,,,,
2025-10,second_hand_category_2,湛江,,,,99.3,94.2,93.5,99.1,94.6,93.9,99.1,94.2,93.5,,,,,,,,,,,,,,,,,,,,,,,,,,,,,,,,,,,,
2025-10,second_hand_category_2,惠州,,,,100.0,93.8,91.1,99.1,92.6,91.0,99.9,93.9,90.7,,,,,,,,,,,,,,,,,,,,,,,,,,,,,,,,,,,,
2025-10,second_hand_category_2,桂林,,,,99.5,94.6,95.2,99.4,94.4,94.9,99.7,94.1,94.3,,,,,,,,,,,,,,,,,,,,,,,,,,,,,,,,,,,,
2025-10,second_hand_category_2,北海,,,,99.4,94.3,94.6,99.5,94.0,93.8,99.3,94.8,94.9,,,,,,,,,,,,,,,,,,,,,,,,,,,,,,,,,,,,
2025-10,second_hand_category_2,三亚,,,,99.1,95.0,93.6,98.5,93.3,93.5,99.1,93.3,92.7,,,,,,,,,,,,,,,,,,,,,,,,,,,,,,,,,,,,
2025-10,second_hand_category_2,泸州,,,,99.5,93.4,92.6,98.7,94.4,93.6,98.9,94.8,93.5,,,,,,,,,,,,,,,,,,,,,,,,,,,,,,,,,,,,
2025-10,second_hand_category_2,南充,,,,99.6,96.7,95.1,99.8,97.1,94.9,99.7,96.1,94.7,,,,,,,,,,,,,,,,,,,,,,,,,,,,,,,,,,,,
2025-10,second_hand_category_2,遵义,,,,99.3,94.2,93.9,99.6,95.5,94.5,99.5,94.5,94.8,,,,,,,,,,,,,,,,,,,,,,,,,,,,,,,,,,,,
2025-10,second_hand_category_2,大理,,,,99.5,95.0,93.6,99.1,95.7,94.5,99.1,94.9,93.6,,,,,,,,,,,,,,,,,,,,,,,,,,,,,,,,,,,,
2025-12,second_hand_category_2,唐山,,,,99.1,92.0,,99.3,91.5,,99.1,91.2,,,90.2,90.1,90.2,,,,,,,,,,,,,,,,,,,,,,,,,,,,,,,,
2025-12,second_hand_category_2,秦皇岛,,,,99.0,91.7,,99.1,92.9,,99.2,92.1,,,90.3,90.9,91.2,,,,,,,,,,,,,,,,,,,,,,,,,,,,,,,,
2025-12,second_hand_category_2,包头,,,,99.3,93.2,,99.2,91.8,,99.3,91.9,,,90.9,91.0,91.3,,,,,,,,,,,,,,,,,,,,,,,,,,,,,,,,
2025-12,second_hand_category_2,丹东,,,,99.5,96.3,,99.9,96.6,,99.9,96.0,,,92.6,92.6,93.6,,,,,,,,,,,,,,,,,,,,,,,,,,,,,,,,
2025-12,second_hand_category_2,锦州,,,,99.9,95.7,,99.6,95.3,,100.2,95.1,,,92.9,92.8,94.3,,,,,,,,,,,,,,,,,,,,,,,,,,,,,,,,
2025-12,second_hand_category_2,吉林,,,,99.8,95.2,,99.4,95.1,,99.5,94.7,,,95.1,94.9,95.3,,,,,,,,,,,,,,,,,,,,,,,,,,,,,,,,
2025-12,second_hand_category_2,牡丹江,,,,99.7,96.7,,99.9,96.5,,99.5,96.4,,,93.8,94.3,93.8,,,,,,,,,,,,,,,,,,,,,,,,,,,,,,,,
2025-12,second_hand_category_2,无锡,,,,99.5,93.9,,99.0,94.7,,99.4,95.6,,,93.8,94.9,94.5,,,,,,,,,,,,,,,,,,,,,,,,,,,,,,,,
2025-12,second_hand_category_2,徐州,,,,99.1,89.4,,98.8,90.5,,98.5,90.1,,,91.6,92.7,93.2,,,,,,,,,,,,,,,,,,,,,,,,,,,,,,,,
2025-12,second_hand_category_2,扬州,,,,98.7,91.0,,99.4,92.2,,98.8,92.1,,,91.8,91.8,91.1,,,,,,,,,,,,,,,,,,,,,,,,,,,,,,,,
2025-12,second_hand_category_2,温州,,,,99.6,93.8,,99.1,93.9,,99.3,93.7,,,91.9,91.9,91.3,,,,,,,,,,,,,,,,,,,,,,,,,,,,,,,,
2025-12,second_hand_category_2,金华,,,,99.2,94.2,,99.2,94.7,,99.7,94.4,,,91.7,92.4,91.5,,,,,,,,,,,,,,,,,,,,,,,,,,,,,,,,
2025-12,second_hand_category_2,蚌埠,,,,99.5,94.4,,99.6,96.0,,99.1,94.4,,,94.3,95.0,93.7,,,,,,,,,,,,,,,,,,,,,,,,,,,,,,,,
2025-12,second_hand_category_2,安庆,,,,99.7,93.1,,99.5,93.8,,99.1,92.2,,,92.2,92.5,91.3,,,,,,,,,,,,,,,,,,,,,,,,,,,,,,,,
2025-12,second_hand_category_2,泉州,,,,99.4,94.8,,99.5,95.2,,99.2,96.0,,,91.8,91.4,92.6,,,,,,,,,,,,,,,,,,,,,,,,,,,,,,,,
2025-12,second_hand_category_2,九江,,,,98.8,93.9,,99.4,93.8,,99.0,93.5,,,93.3,93.1,92.5,,,,,,,,,,,,,,,,,,,,,,,,,,,,,,,,
2025-12,second_hand_category_2,赣州,,,,99.6,94.4,,99.4,94.8,,99.2,93.6,,,95.8,96.4,95.6,,,,,,,,,,,,,,,,,,,,,,,,,,,,,,,,
2025-12,second_hand_category_2,烟台,,,,99.0,91.2,,99.6,93.5,,99.4,93.9,,,91.2,93.4,92.9,,,,,,,,,,,,,,,,,,,,,,,,,,,,,,,,
2025-12,second_hand_category_2,济宁,,,,99.7,91.1,,99.2,93.7,,98.8,94.2,,,93.2,94.9,95.2,,,,,,,,,,,,,,,,,,,,,,,,,,,,,,,,
2025-12,second_hand_category_2,洛阳,,,,99.5,94.6,,99.5,96.2,,99.3,95.7,,,94.3,94.9,94.6,,,,,,,,,,,,,,,,,,,,,,,,,,,,,,,,
2025-12,second_hand_category_2,平顶山,,,,99.2,94.3,,99.3,93.1,,99.3,94.9,,,94.9,94.8,95.3,,,,,,,,,,,,,,,,,,,,,,,,,,,,,,,,
2025-12,second_hand_category_2,宜昌,,,,99.6,95.0,,99.4,95.8,,99.1,95.0,,,93.9,94.8,93.7,,,,,,,,,,,,,,,,,,,,,,,,,,,,,,,,
2025-12,second_hand_category_2,襄阳,,,,99.2,94.0,,99.4,92.7,,99.5,92.8,,,91.5,91.6,92.7,,,,,,,,,,,,,,,,,,,,,,,,,,,,,,,,
2025-12,second_hand_category_2,岳阳,,,,99.5,94.9,,99.4,94.3,,99.6,94.8,,,94.9,94.2,94.2,,,,,,,,,,,,,,,,,,,,,,,,,,,,,,,,
2025-12,second_hand_category_2,常德,,,,99.3,92.0,,99.4,91.7,,99.1,92.5,,,91.7,91.9,92.4,,,,,,,,,,,,,,,,,,,,,,,,,,,,,,,,
2025-12,second_hand_category_2,韶关,,,,99.2,95.6,,99.8,96.0,,99.2,95.1,,,94.7,93.9,94.4,,,,,,,,,,,,,,,,,,,,,,,,,,,,,,,,
2025-12,second_hand_category_2,湛江,,,,99.2,93.7,,99.4,94.6,,99.2,93.5,,,93.5,94.0,93.5,,,,,,,,,,,,,,,,,,,,,,,,,,,,,,,,
2025-12,second_hand_category_2,惠州,,,,99.6,93.6,,99.3,92.7,,99.4,93.6,,,91.5,91.3,91.1,,,,,,,,,,,,,,,,,,,,,,,,,,,,,,,,
2025-12,second_hand_category_2,桂林,,,,98.9,93.5,,99.2,93.6,,99.2,93.8,,,95.0,94.7,94.2,,,,,,,,,,,,,,,,,,,,,,,,,,,,,,,,
2025-12,second_hand_category_2,北海,,,,99.2,93.6,,99.1,94.0,,99.4,94.3,,,94.5,93.9,94.8,,,,,,,,,,,,,,,,,,,,,,,,,,,,,,,,
2025-12,second_hand_category_2,三亚,,,,99.6,94.2,,99.3,92.6,,99.0,92.8,,,93.7,93.4,92.8,,,,,,,,,,,,,,,,,,,,,,,,,,,,,,,,
2025-12,second_hand_category_2,泸州,,,,99.1,93.2,,98.9,93.2,,99.3,93.8,,,92.7,93.6,93.6,,,,,,,,,,,,,,,,,,,,,,,,,,,,,,,,
2025-12,second_hand_category_2,南充,,,,99.4,95.9,,99.2,95.6,,98.8,95.4,,,95.3,95.1,94.8,,,,,,,,,,,,,,,,,,,,,,,,,,,,,,,,
2025-12,second_hand_category_2,遵义,,,,99.2,94.7,,99.5,95.4,,99.6,94.1,,,94.0,94.7,94.7,,,,,,,,,,,,,,,,,,,,,,,,,,,,,,,,
2025-12,second_hand_category_2,大理,,,,99.5,94.2,,99.3,95.2,,99.1,94.3,,,93.7,94.7,93.8,,,,,,,,,,,,,,,,,,,,,,,,,,,,,,,,
2025-11,second_hand_category_2,唐山,,,,99.3,92.5,,99.4,91.5,,99.7,91.5,,,,,,,90.0,90.0,90.1,,,,,,,,,,,,,,,,,,,,,,,,,,,,
2025-11,second_hand_category_2,秦皇岛,,,,99.6,92.1,,99.2,93.1,,99.4,92.3,,,,,,,90.2,90.7,91.1,,,,,,,,,,,,,,,,,,,,,,,,,,,,
2025-11,second_hand_category_2,包头,,,,99.2,93.5,,99.0,91.9,,98.9,92.1,,,,,,,90.7,90.9,91.3,,,,,,,,,,,,,,,,,,,,,,,,,,,,
2025-11,second_hand_category_2,丹东,,,,99.7,96.5,,99.8,96.6,,99.9,95.5,,,,,,,92.3,92.2,93.4,,,,,,,,,,,,,,,,,,,,,,,,,,,,
2025-11,second_hand_category_2,锦州,,,,99.9,95.0,,99.4,95.1,,100.0,94.4,,,,,,,92.7,92.6,94.2,,,,,,,,,,,,,,,,,,,,,,,,,,,,
2025-11,second_hand_category_2,吉林,,,,99.4,95.2,,99.6,95.4,,98.9,94.8,,,,,,,95.1,94.8,95.3,,,,,,,,,,,,,,,,,,,,,,,,,,,,
2025-11,second_hand_category_2,牡丹江,,,,99.8,96.5,,99.9,96.1,,100.1,96.9,,,,,,,93.5,94.1,93.6,,,,,,,,,,,,,,,,,,,,,,,,,,,,
2025-11,second_hand_category_2,无锡,,,,99.4,93.6,,99.8,95.7,,99.0,95.2,,,,,,,93.8,94.9,94.4,,,,,,,,,,,,,,,,,,,,,,,,,,,,
2025-11,second_hand_category_2,徐州,,,,98.7,90.2,,99.3,91.5,,99.0,91.7,,,,,,,91.8,92.8,93.5,,,,,,,,,,,,,,,,,,,,,,,,,,,,
2025-11,second_hand_category_2,扬州,,,,98.4,92.0,,98.7,91.9,,99.1,92.3,,,,,,,91.9,91.8,91.0,,,,,,,,,,,,,,,,,,,,,,,,,,,,
2025-11,second_hand_category_2,温州,,,,99.3,93.8,,99.2,94.2,,99.1,93.4,,,,,,,91.7,91.8,91.1,,,,,,,,,,,,,,,,,,,,,,,,,,,,
2025-11,second_hand_category_2,金华,,,,99.2,94.4,,99.1,95.2,,99.0,94.1,,,,,,,91.5,92.2,91.2,,,,,,,,,,,,,,,,,,,,,,,,,,,,
2025-11,second_hand_category_2,蚌埠,,,,99.8,94.6,,99.9,95.9,,99.7,94.6,,,,,,,94.2,94.9,93.7,,,,,,,,,,,,,,,,,,,,,,,,,,,,
2025-11,second_hand_category_2,安庆,,,,99.6,92.8,,99.9,93.8,,99.2,92.1,,,,,,,92.2,92.4,91.2,,,,,,,,,,,,,,,,,,,,,,,,,,,,
2025-11,second_hand_category_2,泉州,,,,99.5,94.8,,99.1,95.2,,99.8,96.5,,,,,,,91.6,91.1,92.3,,,,,,,,,,,,,,,,,,,,,,,,,,,,
2025-11,second_hand_category_2,九江,,,,98.9,94.6,,99.2,94.0,,99.0,94.0,,,,,,,93.2,93.0,92.5,,,,,,,,,,,,,,,,,,,,,,,,,,,,
2025-11,second_hand_category_2,赣州,,,,99.6,95.2,,99.6,95.8,,98.8,94.7,,,,,,,95.9,96.6,95.8,,,,,,,,,,,,,,,,,,,,,,,,,,,,
2025-11,second_hand_category_2,烟台,,,,98.8,91.3,,99.2,93.7,,99.6,94.0,,,,,,,91.2,93.4,92.8,,,,,,,,,,,,,,,,,,,,,,,,,,,,
2025-11,second_hand_category_2,济宁,,,,99.0,91.5,,99.2,94.3,,99.5,95.0,,,,,,,93.4,95.0,95.3,,,,,,,,,,,,,,,,,,,,,,,,,,,,
2025-11,second_hand_category_2,洛阳,,,,99.6,94.6,,99.4,96.4,,99.8,96.2,,,,,,,94.3,94.8,94.5,,,,,,,,,,,,,,,,,,,,,,,,,,,,
2025-11,second_hand_category_2,平顶山,,,,99.2,94.9,,99.5,93.7,,99.5,95.3,,,,,,,95.0,95.0,95.3,,,,,,,,,,,,,,,,,,,,,,,,,,,,
2025-11,second_hand_category_2,宜昌,,,,99.2,95.3,,99.7,96.2,,99.8,96.0,,,,,,,93.8,94.7,93.6,,,,,,,,,,,,,,,,,,,,,,,,,,,,
2025-11,second_hand_category_2,襄阳,,,,99.9,94.0,,99.2,93.0,,100.0,92.7,,,,,,,91.3,91.5,92.7,,,,,,,,,,,,,,,,,,,,,,,,,,,,
2025-11,second_hand_category_2,岳阳,,,,99.1,95.3,,99.4,94.6,,99.3,94.4,,,,,,,94.9,94.2,94.2,,,,,,,,,,,,,,,,,,,,,,,,,,,,
2025-11,second_hand_category_2,常德,,,,99.2,92.0,,99.5,91.8,,99.4,93.1,,,,,,,91.7,91.9,92.4,,,,,,,,,,,,,,,,,,,,,,,,,,,,
2025-11,second_hand_category_2,韶关,,,,99.6,96.2,,99.7,95.3,,100.2,94.9,,,,,,,94.6,93.7,94.4,,,,,,,,,,,,,,,,,,,,,,,,,,,,
2025-11,second_hand_category_2,湛江,,,,99.5,94.0,,99.4,94.4,,99.4,93.7,,,,,,,93.5,93.9,93.5,,,,,,,,,,,,,,,,,,,,,,,,,,,,
2025-11,second_hand_category_2,惠州,,,,99.8,93.7,,99.9,92.9,,98.9,93.6,,,,,,,91.4,91.1,90.9,,,,,,,,,,,,,,,,,,,,,,,,,,,,
2025-11,second_hand_category_2,桂林,,,,99.4,94.3,,99.2,94.0,,99.3,93.9,,,,,,,95.1,94.8,94.2,,,,,,,,,,,,,,,,,,,,,,,,,,,,
2025-11,second_hand_category_2,北海,,,,99.5,94.1,,99.6,94.4,,99.7,94.5,,,,,,,94.5,93.9,94.9,,,,,,,,,,,,,,,,,,,,,,,,,,,,
2025-11,second_hand_category_2,三亚,,,,98.9,94.2,,98.8,92.8,,98.7,92.9,,,,,,,93.7,93.4,92.7,,,,,,,,,,,,,,,,,,,,,,,,,,,,
2025-11,second_hand_category_2,泸州,,,,99.5,93.4,,99.2,94.0,,98.9,94.3,,,,,,,92.7,93.6,93.5,,,,,,,,,,,,,,,,,,,,,,,,,,,,
2025-11,second_hand_category_2,南充,,,,99.3,96.3,,98.9,96.4,,99.6,95.8,,,,,,,95.2,95.0,94.8,,,,,,,,,,,,,,,,,,,,,,,,,,,,
2025-11,second_hand_category_2,遵义,,,,99.7,94.7,,99.6,95.4,,99.6,94.4,,,,,,,94.0,94.6,94.7,,,,,,,,,,,,,,,,,,,,,,,,,,,,
2025-11,second_hand_category_2,大理,,,,99.3,94.5,,99.4,95.7,,99.6,94.7,,,,,,,93.7,94.6,93.7,,,,,,,,,,,,,,,,,,,,,,,,,,,,
2025-09,second_hand_category_2,唐山,,,,99.3,91.6,,99.1,91.2,,99.2,91.3,,,,,,,,,,,89.6,89.7,89.8,,,,,,,,,,,,,,,,,,,,,,,,
2025-09,second_hand_category_2,秦皇岛,,,,99.3,91.4,,99.5,91.7,,99.6,91.6,,,,,,,,,,,89.8,90.2,90.9,,,,,,,,,,,,,,,,,,,,,,,,
2025-09,second_hand_category_2,包头,,,,99.3,92.5,,99.0,92.6,,99.1,92.1,,,,,,,,,,,90.2,90.7,91.1,,,,,,,,,,,,,,,,,,,,,,,,
2025-09,second_hand_category_2,丹东,,,,99.5,94.1,,99.8,94.0,,99.8,94.0,,,,,,,,,,,91.5,91.4,92.9,,,,,,,,,,,,,,,,,,,,,,,,
2025-09,second_hand_category_2,锦州,,,,99.7,93.3,,99.4,94.0,,99.5,94.1,,,,,,,,,,,92.2,92.1,94.3,,,,,,,,,,,,,,,,,,,,,,,,
2025-09,second_hand_category_2,吉林,,,,99.6,95.4,,99.7,95.1,,99.6,95.2,,,,,,,,,,,95.0,94.7,95.4,,,,,,,,,,,,,,,,,,,,,,,,
2025-09,second_hand_category_2,牡丹江,,,,100.0,95.7,,99.8,96.0,,100.0,95.8,,,,,,,,,,,92.9,93.8,93.0,,,,,,,,,,,,,,,,,,,,,,,,
2025-09,second_hand_category_2,无锡,,,,99.1,94.9,,99.7,96.5,,99.8,96.7,,,,,,,,,,,93.7,94.8,94.1,,,,,,,,,,,,,,,,,,,,,,,,
2025-09,second_hand_category_2,徐州,,,,99.3,92.2,,99.2,93.0,,99.1,93.8,,,,,,,,,,,92.0,93.1,93.7,,,,,,,,,,,,,,,,,,,,,,,,
2025-09,second_hand_category_2,扬州,,,,98.7,93.0,,98.9,93.1,,98.8,92.1,,,,,,,,,,,91.9,91.7,90.7,,,,,,,,,,,,,,,,,,,,,,,,
2025-09,second_hand_category_2,温州,,,,99.2,93.7,,99.5,94.4,,99.1,92.7,,,,,,,,,,,91.4,91.3,90.7,,,,,,,,,,,,,,,,,,,,,,,,
2025-09,second_hand_category_2,金华,,,,99.5,94.6,,99.6,95.5,,99.4,95.0,,,,,,,,,,,90.9,91.6,90.6,,,,,,,,,,,,,,,,,,,,,,,,
2025-09,second_hand_category_2,蚌埠,,,,99.4,95.2,,99.8,95.8,,99.6,93.9,,,,,,,,,,,94.2,94.7,93.5,,,,,,,,,,,,,,,,,,,,,,,,
2025-09,second_hand_category_2,安庆,,,,99.3,93.0,,99.8,93.6,,99.1,92.7,,,,,,,,,,,92.0,92.1,91.0,,,,,,,,,,,,,,,,,,,,,,,,
2025-09,second_hand_category_2,泉州,,,,99.5,93.8,,99.6,94.5,,99.8,95.0,,,,,,,,,,,91.0,90.2,91.5,,,,,,,,,,,,,,,,,,,,,,,,
2025-09,second_hand_category_2,九江,,,,98.6,95.3,,99.0,94.9,,99.1,93.9,,,,,,,,,,,92.8,92.7,92.1,,,,,,,,,,,,,,,,,,,,,,,,
2025-09,second_hand_category_2,赣州,,,,98.8,95.8,,98.8,96.2,,98.9,95.9,,,,,,,,,,,96.0,96.7,95.9,,,,,,,,,,,,,,,,,,,,,,,,
2025-09,second_hand_category_2,烟台,,,,99.7,92.6,,99.3,94.5,,99.6,94.2,,,,,,,,,,,91.1,93.3,92.6,,,,,,,,,,,,,,,,,,,,,,,,
2025-09,second_hand_category_2,济宁,,,,99.4,93.0,,99.5,94.9,,99.3,95.4,,,,,,,,,,,93.7,95.1,95.3,,,,,,,,,,,,,,,,,,,,,,,,
2025-09,second_hand_category_2,洛阳,,,,99.6,95.6,,99.8,96.2,,99.5,96.1,,,,,,,,,,,94.3,94.4,94.1,,,,,,,,,,,,,,,,,,,,,,,,
2025-09,second_hand_category_2,平顶山,,,,99.0,96.0,,99.0,94.7,,99.1,96.0,,,,,,,,,,,94.9,95.2,95.3,,,,,,,,,,,,,,,,,,,,,,,,
2025-09,second_hand_category_2,宜昌,,,,99.9,95.2,,99.9,95.4,,99.5,94.6,,,,,,,,,,,93.5,94.3,93.1,,,,,,,,,,,,,,,,,,,,,,,,
2025-09,second_hand_category_2,襄阳,,,,99.9,93.1,,99.7,93.0,,99.4,92.8,,,,,,,,,,,90.8,91.2,92.7,,,,,,,,,,,,,,,,,,,,,,,,
2025-09,second_hand_category_2,岳阳,,,,99.6,96.3,,99.7,94.5,,99.7,94.6,,,,,,,,,,,94.8,94.1,94.0,,,,,,,,,,,,,,,,,,,,,,,,
2025-09,second_hand_category_2,常德,,,,99.3,92.6,,99.1,92.4,,99.5,93.6,,,,,,,,,,,91.6,91.9,92.2,,,,,,,,,,,,,,,,,,,,,,,,
2025-09,second_hand_category_2,韶关,,,,99.4,96.1,,99.5,94.8,,99.9,95.1,,,,,,,,,,,94.2,93.4,94.3,,,,,,,,,,,,,,,,,,,,,,,,
2025-09,second_hand_category_2,湛江,,,,99.1,94.5,,99.1,94.9,,99.5,94.6,,,,,,,,,,,93.4,93.8,93.4,,,,,,,,,,,,,,,,,,,,,,,,
2025-09,second_hand_category_2,惠州,,,,99.6,92.9,,99.3,92.9,,99.5,93.6,,,,,,,,,,,90.9,90.8,90.3,,,,,,,,,,,,,,,,,,,,,,,,
2025-09,second_hand_category_2,桂林,,,,99.4,95.0,,99.2,94.5,,99.2,94.0,,,,,,,,,,,95.2,94.9,94.3,,,,,,,,,,,,,,,,,,,,,,,,
2025-09,second_hand_category_2,北海,,,,99.5,94.7,,99.5,94.0,,99.7,95.4,,,,,,,,,,,94.6,93.8,94.9,,,,,,,,,,,,,,,,,,,,,,,,
2025-09,second_hand_category_2,三亚,,,,99.3,95.3,,99.2,93.9,,99.2,93.2,,,,,,,,,,,93.5,93.5,92.7,,,,,,,,,,,,,,,,,,,,,,,,
2025-09,second_hand_category_2,泸州,,,,98.9,92.6,,99.5,94.9,,99.5,94.7,,,,,,,,,,,92.5,93.5,93.3,,,,,,,,,,,,,,,,,,,,,,,,
2025-09,second_hand_category_2,南充,,,,99.5,97.0,,99.6,97.0,,99.5,96.3,,,,,,,,,,,95.0,94.7,94.5,,,,,,,,,,,,,,,,,,,,,,,,
2025-09,second_hand_category_2,遵义,,,,99.6,94.4,,99.4,95.4,,99.1,94.8,,,,,,,,,,,93.8,94.4,94.8,,,,,,,,,,,,,,,,,,,,,,,,
2025-09,second_hand_category_2,大理,,,,99.3,94.5,,99.8,96.2,,99.8,95.2,,,,,,,,,,,93.4,94.4,93.5,,,,,,,,,,,,,,,,,,,,,,,,
2025-08,second_hand_category_2,唐山,,,,99.4,90.8,,99.3,91.3,,99.7,91.3,,,,,,,,,,,,,,,89.3,89.5,89.7,,,,,,,,,,,,,,,,,,,,
2025-08,second_hand_category_2,秦皇岛,,,,99.3,91.2,,99.8,91.4,,99.4,91.1,,,,,,,,,,,,,,,89.7,90.1,90.8,,,,,,,,,,,,,,,,,,,,
2025-08,second_hand_category_2,包头,,,,99.3,92.1,,99.1,92.3,,99.2,91.9,,,,,,,,,,,,,,,89.9,90.4,91.0,,,,,,,,,,,,,,,,,,,,
2025-08,second_hand_category_2,丹东,,,,99.7,93.1,,99.2,94.0,,99.1,93.9,,,,,,,,,,,,,,,91.2,91.1,92.8,,,,,,,,,,,,,,,,,,,,
2025-08,second_hand_category_2,锦州,,,,99.8,93.0,,99.6,93.5,,99.8,94.5,,,,,,,,,,,,,,,92.1,91.9,94.3,,,,,,,,,,,,,,,,,,,,
2025-08,second_hand_category_2,吉林,,,,99.7,95.3,,99.5,95.0,,99.8,95.2,,,,,,,,,,,,,,,95.0,94.7,95.4,,,,,,,,,,,,,,,,,,,,
2025-08,second_hand_category_2,牡丹江,,,,100.0,94.9,,99.8,94.6,,100.0,94.7,,,,,,,,,,,,,,,92.6,93.5,92.6,,,,,,,,,,,,,,,,,,,,
2025-08,second_hand_category_2,无锡,,,,99.3,94.7,,99.2,95.7,,99.1,95.3,,,,,,,,,,,,,,,93.6,94.6,93.8,,,,,,,,,,,,,,,,,,,,
2025-08,second_hand_category_2,徐州,,,,99.9,91.8,,99.1,92.9,,99.6,93.6,,,,,,,,,,,,,,,92.0,93.1,93.7,,,,,,,,,,,,,,,,,,,,
2025-08,second_hand_category_2,扬州,,,,99.6,92.7,,99.8,93.1,,99.8,91.7,,,,,,,,,,,,,,,91.7,91.5,90.6,,,,,,,,,,,,,,,,,,,,
2025-08,second_hand_category_2,温州,,,,99.8,93.6,,99.2,92.7,,99.7,92.6,,,,,,,,,,,,,,,91.1,90.9,90.4,,,,,,,,,,,,,,,,,,,,
2025-08,second_hand_category_2,金华,,,,99.4,93.5,,99.8,94.2,,99.6,94.0,,,,,,,,,,,,,,,90.5,91.1,90.0,,,,,,,,,,,,,,,,,,,,
2025-08,second_hand_category_2,蚌埠,,,,99.4,95.6,,99.2,95.5,,98.9,94.1,,,,,,,,,,,,,,,94.0,94.6,93.4,,,,,,,,,,,,,,,,,,,,
2025-08,second_hand_category_2,安庆,,,,99.2,93.1,,99.1,93.0,,99.6,93.0,,,,,,,,,,,,,,,91.9,91.9,90.8,,,,,,,,,,,,,,,,,,,,
2025-08,second_hand_category_2,泉州,,,,99.5,92.9,,99.8,93.4,,99.7,93.9,,,,,,,,,,,,,,,90.6,89.7,91.0,,,,,,,,,,,,,,,,,,,,
2025-08,second_hand_category_2,九江,,,,99.7,95.5,,99.9,94.1,,100.2,93.8,,,,,,,,,,,,,,,92.5,92.5,91.9,,,,,,,,,,,,,,,,,,,,
2025-08,second_hand_category_2,赣州,,,,99.1,96.8,,99.0,97.3,,99.0,96.6,,,,,,,,,,,,,,,96.0,96.7,95.9,,,,,,,,,,,,,,,,,,,,
2025-08,second_hand_category_2,烟台,,,,99.1,92.1,,99.3,94.8,,99.2,94.4,,,,,,,,,,,,,,,90.9,93.1,92.4,,,,,,,,,,,,,,,,,,,,
2025-08,second_hand_category_2,济宁,,,,99.0,93.3,,98.9,94.9,,99.8,95.9,,,,,,,,,,,,,,,93.8,95.2,95.3,,,,,,,,,,,,,,,,,,,,
2025-08,second_hand_category_2,洛阳,,,,99.2,94.5,,99.7,95.6,,99.1,95.5,,,,,,,,,,,,,,,94.1,94.2,93.9,,,,,,,,,,,,,,,,,,,,
2025-08,second_hand_category_2,平顶山,,,,99.8,96.5,,99.3,94.9,,99.8,96.5,,,,,,,,,,,,,,,94.8,95.3,95.2,,,,,,,,,,,,,,,,,,,,
2025-08,second_hand_category_2,宜昌,,,,99.9,94.7,,99.3,95.2,,99.9,93.9,,,,,,,,,,,,,,,93.2,94.2,92.9,,,,,,,,,,,,,,,,,,,,
2025-08,second_hand_category_2,襄阳,,,,98.9,91.7,,99.8,92.6,,99.9,93.3,,,,,,,,,,,,,,,90.5,90.9,92.7,,,,,,,,,,,,,,,,,,,,
2025-08,second_hand_category_2,岳阳,,,,99.9,96.4,,99.2,94.2,,99.6,94.1,,,,,,,,,,,,,,,94.6,94.1,94.0,,,,,,,,,,,,,,,,,,,,
2025-08,second_hand_category_2,常德,,,,99.1,91.5,,99.1,91.7,,99.0,92.2,,,,,,,,,,,,,,,91.4,91.8,92.0,,,,,,,,,,,,,,,,,,,,
2025-08,second_hand_category_2,韶关,,,,99.3,95.7,,99.9,94.3,,99.6,95.1,,,,,,,,,,,,,,,94.0,93.3,94.2,,,,,,,,,,,,,,,,,,,,
2025-08,second_hand_category_2,湛江,,,,99.7,94.5,,99.5,95.1,,99.2,93.8,,,,,,,,,,,,,,,93.2,93.6,93.3,,,,,,,,,,,,,,,,,,,,
2025-08,second_hand_category_2,惠州,,,,99.0,92.6,,99.4,93.1,,99.3,92.3,,,,,,,,,,,,,,,90.6,90.6,89.9,,,,,,,,,,,,,,,,,,,,
2025-08,second_hand_category_2,桂林,,,,99.6,95.0,,99.4,94.8,,99.7,94.3,,,,,,,,,,,,,,,95.3,95.0,94.3,,,,,,,,,,,,,,,,,,,,
2025-08,second_hand_category_2,北海,,,,99.6,94.6,,99.5,93.9,,99.6,95.1,,,,,,,,,,,,,,,94.6,93.8,94.9,,,,,,,,,,,,,,,,,,,,
2025-08,second_hand_category_2,三亚,,,,99.4,93.6,,99.5,93.4,,99.9,92.7,,,,,,,,,,,,,,,93.3,93.5,92.6,,,,,,,,,,,,,,,,,,,,
2025-08,second_hand_category_2,泸州,,,,99.3,92.2,,98.9,94.4,,99.2,94.2,,,,,,,,,,,,,,,92.5,93.3,93.2,,,,,,,,,,,,,,,,,,,,
2025-08,second_hand_category_2,南充,,,,99.4,96.5,,99.4,96.7,,99.1,96.0,,,,,,,,,,,,,,,94.7,94.4,94.3,,,,,,,,,,,,,,,,,,,,
2025-08,second_hand_category_2,遵义,,,,99.9,94.1,,99.8,94.9,,99.7,94.9,,,,,,,,,,,,,,,93.8,94.3,94.8,,,,,,,,,,,,,,,,,,,,
2025-08,second_hand_category_2,大理,,,,99.2,94.6,,99.3,95.6,,99.4,94.9,,,,,,,,,,,,,,,93.3,94.2,93.3,,,,,,,,,,,,,,,,,,,,
2025-07,second_hand_category_2,唐山,,,,99.2,90.7,,99.5,90.6,,99.3,90.0,,,,,,,,,,,,,,,,,,,89.1,89.3,89.4,,,,,,,,,,,,,,,,
2025-07,second_hand_category_2,秦皇岛,,,,99.3,90.5,,99.1,90.6,,99.1,91.0,,,,,,,,,,,,,,,,,,,89.4,89.9,90.7,,,,,,,,,,,,,,,,
2025-07,second_hand_category_2,包头,,,,99.6,91.2,,99.0,91.7,,99.4,92.0,,,,,,,,,,,,,,,,,,,89.6,90.2,90.9,,,,,,,,,,,,,,,,
2025-07,second_hand_category_2,丹东,,,,99.6,92.4,,99.5,93.2,,99.4,93.8,,,,,,,,,,,,,,,,,,,90.9,90.7,92.6,,,,,,,,,,,,,,,,
2025-07,second_hand_category_2,锦州,,,,99.5,92.5,,99.9,93.5,,99.0,94.5,,,,,,,,,,,,,,,,,,,92.0,91.7,94.3,,,,,,,,,,,,,,,,
2025-07,second_hand_category_2,吉林,,,,99.8,95.7,,99.7,95.5,,99.6,95.6,,,,,,,,,,,,,,,,,,,94.9,94.6,95.5,,,,,,,,,,,,,,,,
2025-07,second_hand_category_2,牡丹江,,,,99.8,93.9,,99.9,94.4,,99.8,94.7,,,,,,,,,,,,,,,,,,,92.3,93.3,92.3,,,,,,,,,,,,,,,,
2025-07,second_hand_category_2,无锡,,,,99.7,94.3,,99.0,95.5,,99.2,95.6,,,,,,,,,,,,,,,,,,,93.5,94.4,93.6,,,,,,,,,,,,,,,,
2025-07,second_hand_category_2,徐州,,,,98.7,91.1,,99.2,93.1,,99.1,93.1,,,,,,,,,,,,,,,,,,,92.0,93.1,93.8,,,,,,,,,,,,,,,,
2025-07,second_hand_category_2,扬州,,,,99.6,91.3,,99.7,91.8,,99.3,91.1,,,,,,,,,,,,,,,,,,,91.6,91.3,90.4,,,,,,,,,,,,,,,,
2025-07,second_hand_category_2,温州,,,,99.5,91.4,,99.7,92.2,,99.4,91.6,,,,,,,,,,,,,,,,,,,90.8,90.7,90.1,,,,,,,,,,,,,,,,
2025-07,second_hand_category_2,金华,,,,99.3,92.3,,99.7,92.8,,99.5,92.1,,,,,,,,,,,,,,,,,,,90.1,90.7,89.5,,,,,,,,,,,,,,,,
2025-07,second_hand_category_2,蚌埠,,,,99.3,95.1,,99.7,95.4,,99.5,93.9,,,,,,,,,,,,,,,,,,,93.8,94.5,93.3,,,,,,,,,,,,,,,,
2025-07,second_hand_category_2,安庆,,,,99.3,92.9,,99.7,92.8,,99.5,91.8,,,,,,,,,,,,,,,,,,,91.7,91.8,90.5,,,,,,,,,,,,,,,,
2025-07,second_hand_category_2,泉州,,,,99.6,91.8,,99.8,92.0,,99.5,93.0,,,,,,,,,,,,,,,,,,,90.3,89.2,90.6,,,,,,,,,,,,,,,,
2025-07,second_hand_category_2,九江,,,,99.8,94.8,,99.9,93.6,,100.0,93.5,,,,,,,,,,,,,,,,,,,92.1,92.3,91.7,,,,,,,,,,,,,,,,
2025-07,second_hand_category_2,赣州,,,,99.2,97.3,,99.6,97.9,,99.4,97.4,,,,,,,,,,,,,,,,,,,95.9,96.6,95.8,,,,,,,,,,,,,,,,
2025-07,second_hand_category_2,烟台,,,,99.3,92.1,,99.2,94.7,,99.2,94.0,,,,,,,,,,,,,,,,,,,90.8,92.9,92.2,,,,,,,,,,,,,,,,
2025-07,second_hand_category_2,济宁,,,,99.2,93.8,,99.3,95.2,,99.4,95.3,,,,,,,,,,,,,,,,,,,93.9,95.2,95.2,,,,,,,,,,,,,,,,
2025-07,second_hand_category_2,洛阳,,,,99.6,95.0,,99.7,95.3,,99.4,95.9,,,,,,,,,,,,,,,,,,,94.0,94.0,93.7,,,,,,,,,,,,,,,,
2025-07,second_hand_category_2,平顶山,,,,100.0,95.5,,99.4,95.1,,99.9,96.1,,,,,,,,,,,,,,,,,,,94.5,95.3,95.0,,,,,,,,,,,,,,,,
2025-07,second_hand_category_2,宜昌,,,,99.6,94.1,,99.6,95.2,,99.1,93.3,,,,,,,,,,,,,,,,,,,93.0,94.1,92.8,,,,,,,,,,,,,,,,
2025-07,second_hand_category_2,襄阳,,,,99.8,91.3,,98.9,91.6,,98.8,92.7,,,,,,,,,,,,,,,,,,,90.3,90.7,92.6,,,,,,,,,,,,,,,,
2025-07,second_hand_category_2,岳阳,,,,99.8,95.3,,99.5,94.0,,99.6,93.7,,,,,,,,,,,,,,,,,,,94.4,94.0,94.0,,,,,,,,,,,,,,,,
2025-07,second_hand_category_2,常德,,,,99.2,92.0,,99.3,92.4,,99.5,92.9,,,,,,,,,,,,,,,,,,,91.4,91.8,92.0,,,,,,,,,,,,,,,,
2025-07,second_hand_category_2,韶关,,,,99.8,95.7,,99.5,93.2,,99.4,95.0,,,,,,,,,,,,,,,,,,,93.8,93.1,94.1,,,,,,,,,,,,,,,,
2025-07,second_hand_category_2,湛江,,,,99.4,93.9,,99.3,94.8,,99.5,94.1,,,,,,,,,,,,,,,,,,,93.1,93.4,93.2,,,,,,,,,,,,,,,,
2025-07,second_hand_category_2,惠州,,,,99.2,91.3,,100.0,91.6,,99.0,91.3,,,,,,,,,,,,,,,,,,,90.4,90.2,89.6,,,,,,,,,,,,,,,,
2025-07,second_hand_category_2,桂林,,,,99.5,95.3,,99.6,95.3,,99.0,94.4,,,,,,,,,,,,,,,,,,,95.3,95.0,94.3,,,,,,,,,,,,,,,,
2025-07,second_hand_category_2,北海,,,,99.3,93.8,,99.6,93.2,,99.4,94.6,,,,,,,,,,,,,,,,,,,94.6,93.7,94.8,,,,,,,,,,,,,,,,
2025-07,second_hand_category_2,三亚,,,,99.3,93.7,,99.5,93.9,,99.8,92.1,,,,,,,,,,,,,,,,,,,93.2,93.5,92.6,,,,,,,,,,,,,,,,
2025-07,second_hand_category_2,泸州,,,,99.1,92.8,,99.6,94.8,,99.1,94.4,,,,,,,,,,,,,,,,,,,92.6,93.1,93.0,,,,,,,,,,,,,,,,
2025-07,second_hand_category_2,南充,,,,99.6,96.1,,100.0,96.3,,99.8,96.2,,,,,,,,,,,,,,,,,,,94.5,94.1,94.1,,,,,,,,,,,,,,,,
2025-07,second_hand_category_2,遵义,,,,99.4,93.8,,99.8,94.5,,99.5,94.4,,,,,,,,,,,,,,,,,,,93.7,94.2,94.8,,,,,,,,,,,,,,,,
2025-07,second_hand_category_2,大理,,,,99.7,94.5,,99.4,95.3,,99.6,94.5,,,,,,,,,,,,,,,,,,,93.1,94.0,93.0,,,,,,,,,,,,,,,,
2023-05,second_hand_category_2,唐山,,,,99.4,93.9,,99.8,96.0,,99.7,94.2,,,,,,,,,,,,,,,,,,,,,,,93.1,94.6,94.1,,,,,,,,,,,,
2023-05,second_hand_category_2,秦皇岛,,,,99.8,96.0,,100.0,95.7,,99.9,96.3,,,,,,,,,,,,,,,,,,,,,,,95.9,95.7,96.2,,,,,,,,,,,,
2023-05,second_hand_category_2,包头,,,,100.0,97.1,,99.9,96.7,,99.9,95.5,,,,,,,,,,,,,,,,,,,,,,,96.6,95.8,95.3,,,,,,,,,,,,
2023-05,second_hand_category_2,丹东,,,,99.9,94.2,,99.5,94.1,,99.8,95.3,,,,,,,,,,,,,,,,,,,,,,,93.9,93.8,95.3,,,,,,,,,,,,
2023-05,second_hand_category_2,锦州,,,,99.7,95.4,,99.9,95.6,,99.1,94.7,,,,,,,,,,,,,,,,,,,,,,,94.3,95.0,95.0,,,,,,,,,,,,
2023-05,second_hand_category_2,吉林,,,,99.3,91.2,,99.6,92.9,,99.8,92.3,,,,,,,,,,,,,,,,,,,,,,,90.5,92.0,92.2,,,,,,,,,,,,
2023-05,second_hand_category_2,牡丹江,,,,99.9,92.8,,99.3,92.3,,99.9,93.6,,,,,,,,,,,,,,,,,,,,,,,91.0,90.7,92.5,,,,,,,,,,,,
2023-05,second_hand_category_2,无锡,,,,99.5,99.9,,99.5,99.7,,99.7,99.9,,,,,,,,,,,,,,,,,,,,,,,100.5,100.4,100.3,,,,,,,,,,,,
2023-05,second_hand_category_2,徐州,,,,99.4,98.6,,99.4,98.4,,99.2,98.6,,,,,,,,,,,,,,,,,,,,,,,98.9,99.2,98.9,,,,,,,,,,,,
2023-05,second_hand_category_2,扬州,,,,99.5,98.2,,99.9,99.8,,99.9,98.6,,,,,,,,,,,,,,,,,,,,,,,97.2,99.1,98.2,,,,,,,,,,,,
2023-05,second_hand_category_2,温州,,,,99.4,96.4,,99.4,96.9,,99.6,96.5,,,,,,,,,,,,,,,,,,,,,,,96.1,96.2,95.9,,,,,,,,,,,,
2023-05,second_hand_category_2,金华,,,,99.5,96.5,,99.7,96.0,,99.6,95.9,,,,,,,,,,,,,,,,,,,,,,,94.9,95.1,95.5,,,,,,,,,,,,
2023-05,second_hand_category_2,蚌埠,,,,99.6,97.5,,99.9,98.8,,100.1,97.7,,,,,,,,,,,,,,,,,,,,,,,97.0,97.8,96.8,,,,,,,,,,,,
2023-05,second_hand_category_2,安庆,,,,99.7,95.6,,99.2,95.0,,99.9,95.5,,,,,,,,,,,,,,,,,,,,,,,95.3,94.4,94.4,,,,,,,,,,,,
2023-05,second_hand_category_2,泉州,,,,99.9,94.1,,99.9,93.8,,99.8,94.6,,,,,,,,,,,,,,,,,,,,,,,93.8,93.3,94.3,,,,,,,,,,,,
2023-05,second_hand_category_2,九江,,,,99.8,97.6,,99.7,97.3,,99.8,97.8,,,,,,,,,,,,,,,,,,,,,,,97.3,97.3,97.1,,,,,,,,,,,,
2023-05,second_hand_category_2,赣州,,,,100.1,98.9,,100.2,99.2,,100.1,98.7,,,,,,,,,,,,,,,,,,,,,,,98.9,99.2,99.1,,,,,,,,,,,,
2023-05,second_hand_category_2,烟台,,,,99.8,100.0,,99.4,100.5,,100.1,98.2,,,,,,,,,,,,,,,,,,,,,,,99.5,99.0,97.3,,,,,,,,,,,,
2023-05,second_hand_category_2,济宁,,,,99.6,95.3,,99.1,94.2,,99.7,95.5,,,,,,,,,,,,,,,,,,,,,,,94.2,93.7,94.8,,,,,,,,,,,,
2023-05,second_hand_category_2,洛阳,,,,99.4,94.0,,99.9,95.2,,98.7,94.1,,,,,,,,,,,,,,,,,,,,,,,93.0,93.9,94.2,,,,,,,,,,,,
2023-05,second_hand_category_2,平顶山,,,,99.9,96.8,,99.7,96.6,,100.1,97.1,,,,,,,,,,,,,,,,,,,,,,,96.3,96.2,96.1,,,,,,,,,,,,
2023-05,second_hand_category_2,宜昌,,,,99.8,93.7,,99.2,93.3,,99.0,94.9,,,,,,,,,,,,,,,,,,,,,,,93.7,93.0,94.9,,,,,,,,,,,,
2023-05,second_hand_category_2,襄阳,,,,99.6,96.7,,99.9,96.1,,99.4,95.0,,,,,,,,,,,,,,,,,,,,,,,95.6,94.9,94.0,,,,,,,,,,,,
2023-05,second_hand_category_2,岳阳,,,,99.7,96.0,,99.5,95.6,,99.2,95.6,,,,,,,,,,,,,,,,,,,,,,,95.1,95.2,95.7,,,,,,,,,,,,
2023-05,second_hand_category_2,常德,,,,100.2,96.6,,100.1,96.4,,100.0,96.9,,,,,,,,,,,,,,,,,,,,,,,95.3,95.3,94.9,,,,,,,,,,,,
2023-05,second_hand_category_2,韶关,,,,101.1,96.7,,100.4,97.5,,100.3,98.5,,,,,,,,,,,,,,,,,,,,,,,95.6,96.0,97.4,,,,,,,,,,,,
2023-05,second_hand_category_2,湛江,,,,100.5,97.4,,100.0,97.1,,100.4,97.1,,,,,,,,,,,,,,,,,,,,,,,95.5,95.5,94.9,,,,,,,,,,,,
2023-05,second_hand_category_2,惠州,,,,99.6,97.6,,99.4,98.3,,99.5,98.0,,,,,,,,,,,,,,,,,,,,,,,97.0,98.4,97.5,,,,,,,,,,,,
2023-05,second_hand_category_2,桂林,,,,100.4,96.8,,100.5,97.0,,100.1,97.3,,,,,,,,,,,,,,,,,,,,,,,96.4,96.6,97.2,,,,,,,,,,,,
2023-05,second_hand_category_2,北海,,,,100.5,95.1,,100.0,94.5,,100.2,94.6,,,,,,,,,,,,,,,,,,,,,,,93.5,93.4,92.4,,,,,,,,,,,,
2023-05,second_hand_category_2,三亚,,,,100.4,100.6,,100.7,100.0,,100.1,99.5,,,,,,,,,,,,,,,,,,,,,,,99.7,98.8,99.3,,,,,,,,,,,,
2023-05,second_hand_category_2,泸州,,,,100.1,99.1,,100.3,98.8,,100.1,98.7,,,,,,,,,,,,,,,,,,,,,,,98.3,97.9,98.1,,,,,,,,,,,,
2023-05,second_hand_category_2,南充,,,,100.3,101.8,,100.4,101.7,,100.3,101.5,,,,,,,,,,,,,,,,,,,,,,,102.0,101.6,101.9,,,,,,,,,,,,
2023-05,second_hand_category_2,遵义,,,,99.8,97.5,,99.8,97.4,,99.0,97.1,,,,,,,,,,,,,,,,,,,,,,,96.2,96.5,95.6,,,,,,,,,,,,
2023-05,second_hand_category_2,大理,,,,100.1,97.4,,100.0,97.2,,99.7,98.7,,,,,,,,,,,,,,,,,,,,,,,96.5,96.4,96.9,,,,,,,,,,,,
2023-05,second_hand_category_2,,,,,,,,,,,,,,,,,,,,,,,,,,,,,,,,,,,,,,,,,,,,,,,,,
2023-04,second_hand_category_2,唐山,,,,100.2,93.2,,101.1,95.2,,100.1,93.9,,,,,,,,,,,,,,,,,,,,,,,,,,,92.9,94.3,94.1,,,,,,,,
2023-04,second_hand_category_2,秦皇岛,,,,99.7,96.2,,100.0,96.0,,99.8,96.4,,,,,,,,,,,,,,,,,,,,,,,,,,,95.9,95.7,96.2,,,,,,,,
2023-04,second_hand_category_2,包头,,,,100.2,96.9,,100.2,96.8,,100.1,95.3,,,,,,,,,,,,,,,,,,,,,,,,,,,96.4,95.6,95.2,,,,,,,,
2023-04,second_hand_category_2,丹东,,,,100.2,94.3,,100.2,94.6,,100.1,95.5,,,,,,,,,,,,,,,,,,,,,,,,,,,93.9,93.7,95.3,,,,,,,,
2023-04,second_hand_category_2,锦州,,,,100.1,94.8,,100.0,95.5,,100.0,95.4,,,,,,,,,,,,,,,,,,,,,,,,,,,94.0,94.9,95.1,,,,,,,,
2023-04,second_hand_category_2,吉林,,,,99.5,89.8,,99.9,91.8,,99.5,91.6,,,,,,,,,,,,,,,,,,,,,,,,,,,90.3,91.7,92.2,,,,,,,,
2023-04,second_hand_category_2,牡丹江,,,,100.1,91.7,,100.1,91.6,,100.2,93.7,,,,,,,,,,,,,,,,,,,,,,,,,,,90.6,90.4,92.2,,,,,,,,
2023-04,second_hand_category_2,无锡,,,,99.5,101.2,,99.9,100.8,,99.8,100.9,,,,,,,,,,,,,,,,,,,,,,,,,,,100.7,100.6,100.3,,,,,,,,
2023-04,second_hand_category_2,徐州,,,,99.6,99.2,,99.7,99.5,,99.6,99.5,,,,,,,,,,,,,,,,,,,,,,,,,,,99.0,99.4,98.9,,,,,,,,
2023-04,second_hand_category_2,扬州,,,,99.8,98.3,,100.0,99.8,,99.3,98.2,,,,,,,,,,,,,,,,,,,,,,,,,,,96.9,98.9,98.1,,,,,,,,
2023-04,second_hand_category_2,温州,,,,99.7,96.5,,99.3,96.7,,99.9,96.5,,,,,,,,,,,,,,,,,,,,,,,,,,,96.0,96.1,95.7,,,,,,,,
2023-04,second_hand_category_2,金华,,,,99.9,95.7,,99.8,95.4,,99.6,95.9,,,,,,,,,,,,,,,,,,,,,,,,,,,94.5,94.8,95.4,,,,,,,,
2023-04,second_hand_category_2,蚌埠,,,,99.9,97.3,,99.9,97.9,,99.8,96.6,,,,,,,,,,,,,,,,,,,,,,,,,,,96.9,97.6,96.6,,,,,,,,
2023-04,second_hand_category_2,安庆,,,,99.9,95.7,,99.8,95.1,,100.0,95.0,,,,,,,,,,,,,,,,,,,,,,,,,,,95.2,94.2,94.2,,,,,,,,
2023-04,second_hand_category_2,泉州,,,,99.5,93.8,,99.7,93.5,,99.2,94.2,,,,,,,,,,,,,,,,,,,,,,,,,,,93.7,93.2,94.2,,,,,,,,
2023-04,second_hand_category_2,九江,,,,100.9,98.0,,100.1,97.4,,100.2,97.8,,,,,,,,,,,,,,,,,,,,,,,,,,,97.2,97.3,96.9,,,,,,,,
2023-04,second_hand_category_2,赣州,,,,100.5,98.8,,100.2,99.4,,100.1,98.8,,,,,,,,,,,,,,,,,,,,,,,,,,,98.9,99.2,99.2,,,,,,,,
2023-04,second_hand_category_2,烟台,,,,99.4,99.7,,99.7,99.8,,99.2,97.2,,,,,,,,,,,,,,,,,,,,,,,,,,,99.4,98.6,97.1,,,,,,,,
2023-04,second_hand_category_2,济宁,,,,100.4,95.2,,100.3,94.3,,99.9,95.3,,,,,,,,,,,,,,,,,,,,,,,,,,,94.0,93.6,94.7,,,,,,,,
2023-04,second_hand_category_2,洛阳,,,,99.8,93.8,,99.9,94.5,,99.7,95.0,,,,,,,,,,,,,,,,,,,,,,,,,,,92.8,93.6,94.2,,,,,,,,
2023-04,second_hand_category_2,平顶山,,,,100.0,96.6,,100.1,96.8,,100.4,96.5,,,,,,,,,,,,,,,,,,,,,,,,,,,96.2,96.0,95.9,,,,,,,,
2023-04,second_hand_category_2,宜昌,,,,99.3,93.4,,99.9,93.2,,99.7,94.9,,,,,,,,,,,,,,,,,,,,,,,,,,,93.7,92.9,94.9,,,,,,,,
2023-04,second_hand_category_2,襄阳,,,,100.2,96.2,,100.3,95.3,,100.1,94.4,,,,,,,,,,,,,,,,,,,,,,,,,,,95.3,94.6,93.7,,,,,,,,
2023-04,second_hand_category_2,岳阳,,,,100.7,95.2,,100.4,95.2,,100.4,95.7,,,,,,,,,,,,,,,,,,,,,,,,,,,94.9,95.1,95.8,,,,,,,,
2023-04,second_hand_category_2,常德,,,,100.6,96.3,,100.2,95.6,,100.3,95.9,,,,,,,,,,,,,,,,,,,,,,,,,,,95.0,95.0,94.4,,,,,,,,
2023-04,second_hand_category_2,韶关,,,,100.3,95.8,,100.7,97.3,,100.7,98.4,,,,,,,,,,,,,,,,,,,,,,,,,,,95.3,95.7,97.1,,,,,,,,
2023-04,second_hand_category_2,湛江,,,,100.3,95.8,,100.3,95.9,,100.6,95.7,,,,,,,,,,,,,,,,,,,,,,,,,,,95.1,95.1,94.3,,,,,,,,
2023-04,second_hand_category_2,惠州,,,,100.1,97.2,,100.6,98.9,,100.5,98.1,,,,,,,,,,,,,,,,,,,,,,,,,,,96.8,98.4,97.4,,,,,,,,
2023-04,second_hand_category_2,桂林,,,,99.9,96.8,,99.2,96.5,,99.8,97.9,,,,,,,,,,,,,,,,,,,,,,,,,,,96.4,96.5,97.2,,,,,,,,
2023-04,second_hand_category_2,北海,,,,100.1,93.8,,100.2,93.8,,100.5,93.2,,,,,,,,,,,,,,,,,,,,,,,,,,,93.2,93.1,91.8,,,,,,,,
2023-04,second_hand_category_2,三亚,,,,99.9,99.7,,100.3,99.1,,99.9,99.3,,,,,,,,,,,,,,,,,,,,,,,,,,,99.5,98.5,99.3,,,,,,,,
2023-04,second_hand_category_2,泸州,,,,100.0,98.6,,100.1,98.4,,100.3,98.1,,,,,,,,,,,,,,,,,,,,,,,,,,,98.1,97.7,97.9,,,,,,,,
2023-04,second_hand_category_2,南充,,,,100.2,102.1,,100.2,101.7,,100.1,102.3,,,,,,,,,,,,,,,,,,,,,,,,,,,102.1,101.6,102.0,,,,,,,,
2023-04,second_hand_category_2,遵义,,,,99.7,96.8,,99.6,97.0,,99.9,96.7,,,,,,,,,,,,,,,,,,,,,,,,,,,95.9,96.3,95.3,,,,,,,,
2023-04,second_hand_category_2,大理,,,,99.4,97.1,,99.7,96.9,,99.1,97.7,,,,,,,,,,,,,,,,,,,,,,,,,,,96.3,96.3,96.4,,,,,,,,
2023-01,second_hand_category_2,唐山,,,,99.1,93.0,,99.5,94.2,,99.4,94.6,,,,,,,,,,,,,,,,,,,,,,,,,,,,,,,93.0,94.2,94.6,,,,
2023-01,second_hand_category_2,秦皇岛,,,,99.5,95.5,,99.7,95.4,,99.5,95.9,,,,,,,,,,,,,,,,,,,,,,,,,,,,,,,95.5,95.4,95.9,,,,
2023-01,second_hand_category_2,包头,,,,99.8,96.3,,99.9,94.8,,99.9,95.4,,,,,,,,,,,,,,,,,,,,,,,,,,,,,,,96.3,94.8,95.4,,,,
2023-01,second_hand_category_2,丹东,,,,99.7,93.7,,99.6,92.7,,100.0,95.0,,,,,,,,,,,,,,,,,,,,,,,,,,,,,,,93.7,92.7,95.0,,,,
2023-01,second_hand_category_2,锦州,,,,99.3,93.5,,99.4,94.3,,99.7,95.0,,,,,,,,,,,,,,,,,,,,,,,,,,,,,,,93.5,94.3,95.0,,,,
2023-01,second_hand_category_2,吉林,,,,99.3,91.0,,99.1,91.1,,99.9,92.6,,,,,,,,,,,,,,,,,,,,,,,,,,,,,,,91.0,91.1,92.6,,,,
2023-01,second_hand_category_2,牡丹江,,,,99.3,88.9,,99.5,88.9,,98.7,89.7,,,,,,,,,,,,,,,,,,,,,,,,,,,,,,,88.9,88.9,89.7,,,,
2023-01,second_hand_category_2,无锡,,,,99.7,99.4,,99.6,99.9,,99.2,99.6,,,,,,,,,,,,,,,,,,,,,,,,,,,,,,,99.4,99.9,99.6,,,,
2023-01,second_hand_category_2,徐州,,,,100.2,97.6,,100.0,98.4,,100.1,97.7,,,,,,,,,,,,,,,,,,,,,,,,,,,,,,,97.6,98.4,97.7,,,,
2023-01,second_hand_category_2,扬州,,,,100.0,95.8,,99.7,98.5,,99.8,98.0,,,,,,,,,,,,,,,,,,,,,,,,,,,,,,,95.8,98.5,98.0,,,,
2023-01,second_hand_category_2,温州,,,,99.8,94.9,,99.8,95.0,,99.7,94.9,,,,,,,,,,,,,,,,,,,,,,,,,,,,,,,94.9,95.0,94.9,,,,
2023-01,second_hand_category_2,金华,,,,99.6,93.1,,99.7,94.2,,99.3,94.6,,,,,,,,,,,,,,,,,,,,,,,,,,,,,,,93.1,94.2,94.6,,,,
2023-01,second_hand_category_2,蚌埠,,,,99.9,96.5,,99.6,97.0,,99.2,96.8,,,,,,,,,,,,,,,,,,,,,,,,,,,,,,,96.5,97.0,96.8,,,,
2023-01,second_hand_category_2,安庆,,,,99.5,94.4,,99.8,93.3,,99.7,93.2,,,,,,,,,,,,,,,,,,,,,,,,,,,,,,,94.4,93.3,93.2,,,,
2023-01,second_hand_category_2,泉州,,,,99.7,93.9,,99.0,93.2,,99.6,94.0,,,,,,,,,,,,,,,,,,,,,,,,,,,,,,,93.9,93.2,94.0,,,,
2023-01,second_hand_category_2,九江,,,,100.0,97.1,,99.8,97.2,,100.2,96.5,,,,,,,,,,,,,,,,,,,,,,,,,,,,,,,97.1,97.2,96.5,,,,
2023-01,second_hand_category_2,赣州,,,,99.4,99.0,,99.8,99.0,,99.6,98.9,,,,,,,,,,,,,,,,,,,,,,,,,,,,,,,99.0,99.0,98.9,,,,
2023-01,second_hand_category_2,烟台,,,,100.3,98.7,,99.8,96.9,,100.1,96.5,,,,,,,,,,,,,,,,,,,,,,,,,,,,,,,98.7,96.9,96.5,,,,
2023-01,second_hand_category_2,济宁,,,,99.3,93.1,,99.9,92.9,,99.6,94.2,,,,,,,,,,,,,,,,,,,,,,,,,,,,,,,93.1,92.9,94.2,,,,
2023-01,second_hand_category_2,洛阳,,,,99.6,92.0,,99.5,92.9,,99.4,92.9,,,,,,,,,,,,,,,,,,,,,,,,,,,,,,,92.0,92.9,92.9,,,,
2023-01,second_hand_category_2,平顶山,,,,99.6,95.8,,99.8,95.6,,99.7,95.8,,,,,,,,,,,,,,,,,,,,,,,,,,,,,,,95.8,95.6,95.8,,,,
2023-01,second_hand_category_2,宜昌,,,,99.7,93.7,,99.4,92.5,,99.7,94.7,,,,,,,,,,,,,,,,,,,,,,,,,,,,,,,93.7,92.5,94.7,,,,
2023-01,second_hand_category_2,襄阳,,,,99.3,94.9,,99.4,94.2,,99.9,93.1,,,,,,,,,,,,,,,,,,,,,,,,,,,,,,,94.9,94.2,93.1,,,,
2023-01,second_hand_category_2,岳阳,,,,99.7,94.3,,99.2,94.6,,99.9,95.4,,,,,,,,,,,,,,,,,,,,,,,,,,,,,,,94.3,94.6,95.4,,,,
2023-01,second_hand_category_2,常德,,,,99.7,93.8,,99.6,94.3,,99.9,93.1,,,,,,,,,,,,,,,,,,,,,,,,,,,,,,,93.8,94.3,93.1,,,,
2023-01,second_hand_category_2,韶关,,,,99.4,95.1,,99.2,94.8,,99.6,96.5,,,,,,,,,,,,,,,,,,,,,,,,,,,,,,,95.1,94.8,96.5,,,,
2023-01,second_hand_category_2,湛江,,,,99.9,94.2,,99.8,94.5,,99.6,93.0,,,,,,,,,,,,,,,,,,,,,,,,,,,,,,,94.2,94.5,93.0,,,,
2023-01,second_hand_category_2,惠州,,,,99.8,97.2,,99.8,98.5,,99.7,97.4,,,,,,,,,,,,,,,,,,,,,,,,,,,,,,,97.2,98.5,97.4,,,,
2023-01,second_hand_category_2,桂林,,,,99.7,95.5,,99.5,96.1,,99.6,96.2,,,,,,,,,,,,,,,,,,,,,,,,,,,,,,,95.5,96.1,96.2,,,,
2023-01,second_hand_category_2,北海,,,,99.4,92.6,,99.9,92.4,,99.9,91.0,,,,,,,,,,,,,,,,,,,,,,,,,,,,,,,92.6,92.4,91.0,,,,
2023-01,second_hand_category_2,三亚,,,,100.4,99.0,,100.3,98.1,,100.3,99.4,,,,,,,,,,,,,,,,,,,,,,,,,,,,,,,99.0,98.1,99.4,,,,
2023-01,second_hand_category_2,泸州,,,,99.8,97.6,,99.6,97.0,,99.6,97.5,,,,,,,,,,,,,,,,,,,,,,,,,,,,,,,97.6,97.0,97.5,,,,
2023-01,second_hand_category_2,南充,,,,99.8,101.8,,100.0,101.3,,100.1,101.7,,,,,,,,,,,,,,,,,,,,,,,,,,,,,,,101.8,101.3,101.7,,,,
2023-01,second_hand_category_2,遵义,,,,99.1,94.4,,99.2,95.2,,99.0,93.3,,,,,,,,,,,,,,,,,,,,,,,,,,,,,,,94.4,95.2,93.3,,,,
2023-01,second_hand_category_2,大理,,,,99.1,95.5,,99.5,95.7,,99.7,94.9,,,,,,,,,,,,,,,,,,,,,,,,,,,,,,,95.5,95.7,94.9,,,,
2023-01,second_hand_category_2,,,,,,,,,,,,,,,,,,,,,,,,,,,,,,,,,,,,,,,,,,,,,,,,,
2022-11,second_hand_category_2,唐山,,,,99.6,93.9,,99.4,94.7,,99.4,95.1,,,,,,,,,,,,,,,,,,,,,,,,,,,,,,,,,,,96.1,96.9,95.6
2022-11,second_hand_category_2,秦皇岛,,,,99.8,95.0,,99.3,95.4,,99.6,96.4,,,,,,,,,,,,,,,,,,,,,,,,,,,,,,,,,,,94.0,95.1,95.0
2022-11,second_hand_category_2,包头,,,,99.7,96.6,,99.6,94.7,,99.0,95.5,,,,,,,,,,,,,,,,,,,,,,,,,,,,,,,,,,,99.4,96.0,95.2
2022-11,second_hand_category_2,丹东,,,,99.6,93.4,,99.2,92.8,,99.3,94.1,,,,,,,,,,,,,,,,,,,,,,,,,,,,,,,,,,,97.4,96.0,97.1
2022-11,second_hand_category_2,锦州,,,,99.5,94.0,,99.6,94.7,,99.8,95.6,,,,,,,,,,,,,,,,,,,,,,,,,,,,,,,,,,,92.1,91.8,94.1
2022-11,second_hand_category_2,吉林,,,,99.2,91.8,,99.0,91.3,,99.4,92.5,,,,,,,,,,,,,,,,,,,,,,,,,,,,,,,,,,,90.9,89.4,90.0
2022-11,second_hand_category_2,牡丹江,,,,98.8,88.3,,98.7,87.8,,99.1,89.6,,,,,,,,,,,,,,,,,,,,,,,,,,,,,,,,,,,80.3,79.9,83.9
2022-11,second_hand_category_2,无锡,,,,99.5,99.9,,99.9,100.7,,99.7,100.2,,,,,,,,,,,,,,,,,,,,,,,,,,,,,,,,,,,107.2,108.1,107.0
2022-11,second_hand_category_2,徐州,,,,100.3,97.3,,100.1,96.8,,100.0,97.2,,,,,,,,,,,,,,,,,,,,,,,,,,,,,,,,,,,104.4,105.0,103.6
2022-11,second_hand_category_2,扬州,,,,99.6,96.2,,99.7,97.3,,99.9,97.3,,,,,,,,,,,,,,,,,,,,,,,,,,,,,,,,,,,101.9,103.6,102.8
2022-11,second_hand_category_2,温州,,,,99.2,95.1,,99.3,95.0,,99.3,94.9,,,,,,,,,,,,,,,,,,,,,,,,,,,,,,,,,,,100.4,100.7,101.2
2022-11,second_hand_category_2,金华,,,,99.2,93.1,,99.7,94.5,,99.7,94.8,,,,,,,,,,,,,,,,,,,,,,,,,,,,,,,,,,,99.8,100.4,100.1
2022-11,second_hand_category_2,蚌埠,,,,100.0,95.6,,100.8,97.5,,100.1,96.1,,,,,,,,,,,,,,,,,,,,,,,,,,,,,,,,,,,99.8,101.6,100.4
2022-11,second_hand_category_2,安庆,,,,99.2,94.1,,99.1,92.8,,98.6,92.8,,,,,,,,,,,,,,,,,,,,,,,,,,,,,,,,,,,89.8,88.9,87.6
2022-11,second_hand_category_2,泉州,,,,99.1,93.9,,99.1,93.6,,99.8,93.6,,,,,,,,,,,,,,,,,,,,,,,,,,,,,,,,,,,100.4,100.2,100.2
2022-11,second_hand_category_2,九江,,,,99.6,97.6,,99.7,96.7,,99.2,96.3,,,,,,,,,,,,,,,,,,,,,,,,,,,,,,,,,,,99.3,99.7,97.3
2022-11,second_hand_category_2,赣州,,,,100.0,99.0,,99.7,99.0,,100.0,98.8,,,,,,,,,,,,,,,,,,,,,,,,,,,,,,,,,,,101.1,101.3,100.8
2022-11,second_hand_category_2,烟台,,,,99.4,97.9,,99.8,96.5,,99.6,96.0,,,,,,,,,,,,,,,,,,,,,,,,,,,,,,,,,,,100.5,99.9,98.1
2022-11,second_hand_category_2,济宁,,,,99.1,93.6,,98.9,92.3,,98.9,93.5,,,,,,,,,,,,,,,,,,,,,,,,,,,,,,,,,,,97.1,98.4,98.5
2022-11,second_hand_category_2,洛阳,,,,99.1,91.8,,99.2,92.6,,100.0,93.3,,,,,,,,,,,,,,,,,,,,,,,,,,,,,,,,,,,94.3,96.1,96.7
2022-11,second_hand_category_2,平顶山,,,,99.9,96.1,,99.4,95.9,,99.4,96.0,,,,,,,,,,,,,,,,,,,,,,,,,,,,,,,,,,,98.0,97.6,98.3
2022-11,second_hand_category_2,宜昌,,,,99.9,94.0,,99.6,92.6,,99.9,95.0,,,,,,,,,,,,,,,,,,,,,,,,,,,,,,,,,,,92.9,90.7,90.3
2022-11,second_hand_category_2,襄阳,,,,99.7,95.3,,99.7,93.9,,99.2,92.9,,,,,,,,,,,,,,,,,,,,,,,,,,,,,,,,,,,94.3,93.3,91.7
2022-11,second_hand_category_2,岳阳,,,,99.3,94.4,,99.6,95.4,,99.8,95.5,,,,,,,,,,,,,,,,,,,,,,,,,,,,,,,,,,,92.0,94.1,91.6
2022-11,second_hand_category_2,常德,,,,99.3,93.0,,99.5,94.3,,99.3,92.4,,,,,,,,,,,,,,,,,,,,,,,,,,,,,,,,,,,92.0,91.8,90.7
2022-11,second_hand_category_2,韶关,,,,99.6,95.3,,99.2,95.5,,99.9,96.4,,,,,,,,,,,,,,,,,,,,,,,,,,,,,,,,,,,96.7,95.4,96.6
2022-11,second_hand_category_2,湛江,,,,99.0,93.2,,99.3,93.9,,98.8,92.9,,,,,,,,,,,,,,,,,,,,,,,,,,,,,,,,,,,93.4,94.0,92.8
2022-11,second_hand_category_2,惠州,,,,99.7,98.1,,99.9,98.9,,99.6,98.0,,,,,,,,,,,,,,,,,,,,,,,,,,,,,,,,,,,101.0,101.3,101.7
2022-11,second_hand_category_2,桂林,,,,99.6,95.4,,99.1,97.6,,99.6,95.3,,,,,,,,,,,,,,,,,,,,,,,,,,,,,,,,,,,94.9,97.7,96.3
2022-11,second_hand_category_2,北海,,,,99.6,92.3,,99.2,92.1,,99.5,90.7,,,,,,,,,,,,,,,,,,,,,,,,,,,,,,,,,,,90.1,88.7,89.1
2022-11,second_hand_category_2,三亚,,,,99.7,97.4,,99.5,97.3,,99.8,98.5,,,,,,,,,,,,,,,,,,,,,,,,,,,,,,,,,,,103.7,104.1,102.9
2022-11,second_hand_category_2,泸州,,,,99.0,95.5,,99.1,96.9,,99.3,97.0,,,,,,,,,,,,,,,,,,,,,,,,,,,,,,,,,,,95.4,96.0,95.8
2022-11,second_hand_category_2,南充,,,,99.9,101.3,,99.2,101.4,,99.2,101.5,,,,,,,,,,,,,,,,,,,,,,,,,,,,,,,,,,,94.0,93.4,94.4
2022-11,second_hand_category_2,遵义,,,,100.1,95.5,,99.7,96.0,,99.9,94.5,,,,,,,,,,,,,,,,,,,,,,,,,,,,,,,,,,,95.3,94.6,94.0
2022-11,second_hand_category_2,大理,,,,99.1,95.8,,99.4,96.2,,99.2,94.8,,,,,,,,,,,,,,,,,,,,,,,,,,,,,,,,,,,94.8,95.1,94.0
2022-07,second_hand_category_2,唐山,,,,99.1,94.9,,99.3,96.5,,99.7,95.7,,,,,,,,,,,,,,,,,,,,,,,,,,,,,,,,,,,98.0,98.7,98.6
2022-07,second_hand_category_2,秦皇岛,,,,99.7,96.2,,99.6,97.2,,99.5,96.2,,,,,,,,,,,,,,,,,,,,,,,,,,,,,,,,,,,96.0,97.9,96.3
2022-07,second_hand_category_2,包头,,,,100.0,97.0,,99.2,95.8,,99.5,96.3,,,,,,,,,,,,,,,,,,,,,,,,,,,,,,,,,,,100.7,97.7,97.5
2022-07,second_hand_category_2,丹东,,,,99.2,95.4,,99.2,95.6,,99.5,96.6,,,,,,,,,,,,,,,,,,,,,,,,,,,,,,,,,,,99.7,99.3,99.8
2022-07,second_hand_category_2,锦州,,,,99.7,95.3,,100.0,95.5,,100.0,97.7,,,,,,,,,,,,,,,,,,,,,,,,,,,,,,,,,,,94.6,93.9,97.2
2022-07,second_hand_category_2,吉林,,,,99.1,94.2,,99.2,93.4,,99.0,94.5,,,,,,,,,,,,,,,,,,,,,,,,,,,,,,,,,,,94.1,92.3,93.6
2022-07,second_hand_category_2,牡丹江,,,,99.2,89.7,,99.2,88.7,,100.0,92.3,,,,,,,,,,,,,,,,,,,,,,,,,,,,,,,,,,,83.6,82.7,87.7
2022-07,second_hand_category_2,无锡,,,,100.0,100.6,,100.2,100.8,,100.4,100.2,,,,,,,,,,,,,,,,,,,,,,,,,,,,,,,,,,,108.1,109.0,108.2
2022-07,second_hand_category_2,徐州,,,,99.4,96.9,,99.6,95.8,,99.6,96.0,,,,,,,,,,,,,,,,,,,,,,,,,,,,,,,,,,,105.3,105.8,104.8
2022-07,second_hand_category_2,扬州,,,,100.6,96.6,,100.5,96.5,,100.4,96.8,,,,,,,,,,,,,,,,,,,,,,,,,,,,,,,,,,,103.2,104.2,104.1
2022-07,second_hand_category_2,温州,,,,99.8,96.4,,99.5,95.6,,99.6,95.8,,,,,,,,,,,,,,,,,,,,,,,,,,,,,,,,,,,103.0,102.1,103.3
2022-07,second_hand_category_2,金华,,,,99.6,94.3,,99.4,95.0,,99.4,94.5,,,,,,,,,,,,,,,,,,,,,,,,,,,,,,,,,,,101.7,102.3,101.8
2022-07,second_hand_category_2,蚌埠,,,,99.8,96.7,,99.6,96.9,,99.8,96.5,,,,,,,,,,,,,,,,,,,,,,,,,,,,,,,,,,,101.7,101.8,101.4
2022-07,second_hand_category_2,安庆,,,,99.4,94.3,,99.7,93.8,,99.6,94.2,,,,,,,,,,,,,,,,,,,,,,,,,,,,,,,,,,,91.6,91.4,90.3
2022-07,second_hand_category_2,泉州,,,,99.6,96.3,,99.4,94.9,,99.2,95.3,,,,,,,,,,,,,,,,,,,,,,,,,,,,,,,,,,,103.8,103.1,102.4
2022-07,second_hand_category_2,九江,,,,99.8,98.3,,99.8,97.9,,99.7,96.3,,,,,,,,,,,,,,,,,,,,,,,,,,,,,,,,,,,101.6,101.7,99.3
2022-07,second_hand_category_2,赣州,,,,99.4,101.5,,99.9,100.1,,99.1,101.7,,,,,,,,,,,,,,,,,,,,,,,,,,,,,,,,,,,102.3,101.9,101.9
2022-07,second_hand_category_2,烟台,,,,101.2,98.4,,100.8,96.7,,100.3,96.6,,,,,,,,,,,,,,,,,,,,,,,,,,,,,,,,,,,101.6,100.5,99.2
2022-07,second_hand_category_2,济宁,,,,100.0,96.1,,99.8,96.3,,99.4,95.3,,,,,,,,,,,,,,,,,,,,,,,,,,,,,,,,,,,100.4,102.5,100.8
2022-07,second_hand_category_2,洛阳,,,,99.9,94.4,,99.4,93.9,,99.4,95.1,,,,,,,,,,,,,,,,,,,,,,,,,,,,,,,,,,,97.4,98.7,98.3
2022-07,second_hand_category_2,平顶山,,,,99.3,97.0,,99.4,96.7,,100.0,98.4,,,,,,,,,,,,,,,,,,,,,,,,,,,,,,,,,,,99.4,99.4,100.9
2022-07,second_hand_category_2,宜昌,,,,99.6,96.2,,99.8,94.2,,99.3,94.0,,,,,,,,,,,,,,,,,,,,,,,,,,,,,,,,,,,95.9,93.3,92.0
2022-07,second_hand_category_2,襄阳,,,,99.7,96.3,,99.4,95.0,,99.4,94.9,,,,,,,,,,,,,,,,,,,,,,,,,,,,,,,,,,,96.0,95.6,93.8
2022-07,second_hand_category_2,岳阳,,,,99.6,96.0,,99.6,96.6,,99.2,95.5,,,,,,,,,,,,,,,,,,,,,,,,,,,,,,,,,,,94.1,95.8,92.5
2022-07,second_hand_category_2,常德,,,,98.9,94.1,,99.4,94.9,,99.1,94.4,,,,,,,,,,,,,,,,,,,,,,,,,,,,,,,,,,,93.8,93.8,92.9
2022-07,second_hand_category_2,韶关,,,,99.2,96.9,,99.5,95.8,,99.7,96.2,,,,,,,,,,,,,,,,,,,,,,,,,,,,,,,,,,,98.4,97.0,97.4
2022-07,second_hand_category_2,湛江,,,,99.6,95.1,,99.9,95.5,,99.4,95.2,,,,,,,,,,,,,,,,,,,,,,,,,,,,,,,,,,,96.7,96.6,96.3
2022-07,second_hand_category_2,惠州,,,,100.1,98.0,,100.3,98.5,,100.1,97.6,,,,,,,,,,,,,,,,,,,,,,,,,,,,,,,,,,,102.3,102.4,102.8
2022-07,second_hand_category_2,桂林,,,,99.0,95.8,,99.5,97.1,,99.6,96.2,,,,,,,,,,,,,,,,,,,,,,,,,,,,,,,,,,,96.8,99.4,99.0
2022-07,second_hand_category_2,北海,,,,99.3,94.5,,99.1,94.1,,99.1,94.2,,,,,,,,,,,,,,,,,,,,,,,,,,,,,,,,,,,93.0,92.1,92.6
2022-07,second_hand_category_2,三亚,,,,99.8,99.2,,99.9,99.9,,99.8,99.2,,,,,,,,,,,,,,,,,,,,,,,,,,,,,,,,,,,104.6,105.4,103.6
2022-07,second_hand_category_2,泸州,,,,100.2,96.0,,100.5,97.6,,99.8,96.4,,,,,,,,,,,,,,,,,,,,,,,,,,,,,,,,,,,96.5,97.7,96.6
2022-07,second_hand_category_2,南充,,,,100.1,98.7,,100.8,99.7,,101.1,99.9,,,,,,,,,,,,,,,,,,,,,,,,,,,,,,,,,,,94.1,94.8,95.3
2022-07,second_hand_category_2,遵义,,,,100.4,95.3,,100.4,96.3,,100.5,95.0,,,,,,,,,,,,,,,,,,,,,,,,,,,,,,,,,,,96.1,96.3,95.0
2022-07,second_hand_category_2,大理,,,,99.8,94.1,,99.3,94.5,,99.9,93.8,,,,,,,,,,,,,,,,,,,,,,,,,,,,,,,,,,,96.1,95.7,94.5
2022-06,second_hand_category_2,唐山,,,,99.0,95.6,,99.1,96.3,,99.8,95.9,,,,,,,,,,,,,,,,,,,,,,,,,,,,,,,,,,,98.9,99.4,99.0
2022-06,second_hand_category_2,秦皇岛,,,,99.4,96.0,,99.6,97.1,,99.6,96.4,,,,,,,,,,,,,,,,,,,,,,,,,,,,,,,,,,,96.4,98.4,96.9
2022-06,second_hand_category_2,包头,,,,99.8,97.0,,99.5,96.0,,99.9,96.7,,,,,,,,,,,,,,,,,,,,,,,,,,,,,,,,,,,100.7,98.5,98.0
2022-06,second_hand_category_2,丹东,,,,100.0,96.3,,100.0,96.5,,100.0,97.2,,,,,,,,,,,,,,,,,,,,,,,,,,,,,,,,,,,100.5,100.0,100.3
2022-06,second_hand_category_2,锦州,,,,99.8,95.4,,99.3,95.3,,99.9,97.5,,,,,,,,,,,,,,,,,,,,,,,,,,,,,,,,,,,94.9,93.9,97.2
2022-06,second_hand_category_2,吉林,,,,98.8,95.1,,99.0,94.4,,99.1,95.6,,,,,,,,,,,,,,,,,,,,,,,,,,,,,,,,,,,94.9,93.0,94.5
2022-06,second_hand_category_2,牡丹江,,,,99.9,89.8,,98.6,88.8,,100.0,92.3,,,,,,,,,,,,,,,,,,,,,,,,,,,,,,,,,,,84.3,83.4,87.7
2022-06,second_hand_category_2,无锡,,,,100.6,101.0,,100.3,101.1,,100.6,100.6,,,,,,,,,,,,,,,,,,,,,,,,,,,,,,,,,,,108.1,108.8,107.8
2022-06,second_hand_category_2,徐州,,,,99.5,97.5,,99.3,95.8,,99.6,96.3,,,,,,,,,,,,,,,,,,,,,,,,,,,,,,,,,,,105.9,106.2,105.2
2022-06,second_hand_category_2,扬州,,,,99.9,96.2,,100.0,96.4,,99.8,97.1,,,,,,,,,,,,,,,,,,,,,,,,,,,,,,,,,,,102.6,103.7,103.6
2022-06,second_hand_category_2,温州,,,,99.3,96.8,,99.1,96.3,,99.6,96.5,,,,,,,,,,,,,,,,,,,,,,,,,,,,,,,,,,,103.3,102.6,103.7
2022-06,second_hand_category_2,金华,,,,99.4,94.9,,99.6,96.0,,99.8,95.6,,,,,,,,,,,,,,,,,,,,,,,,,,,,,,,,,,,102.2,102.9,102.5
2022-06,second_hand_category_2,蚌埠,,,,100.0,97.2,,99.9,97.6,,99.8,97.0,,,,,,,,,,,,,,,,,,,,,,,,,,,,,,,,,,,101.9,102.2,101.7
2022-06,second_hand_category_2,安庆,,,,99.4,94.1,,99.1,93.9,,99.3,93.7,,,,,,,,,,,,,,,,,,,,,,,,,,,,,,,,,,,92.1,91.7,90.6
2022-06,second_hand_category_2,泉州,,,,99.6,97.3,,99.5,95.7,,99.6,96.3,,,,,,,,,,,,,,,,,,,,,,,,,,,,,,,,,,,104.2,103.7,103.3
2022-06,second_hand_category_2,九江,,,,100.0,98.5,,99.9,98.3,,99.8,96.6,,,,,,,,,,,,,,,,,,,,,,,,,,,,,,,,,,,101.8,101.8,99.7
2022-06,second_hand_category_2,赣州,,,,100.3,101.9,,100.0,100.2,,100.6,101.8,,,,,,,,,,,,,,,,,,,,,,,,,,,,,,,,,,,102.9,102.0,102.9
2022-06,second_hand_category_2,烟台,,,,100.2,98.0,,100.1,96.3,,99.6,96.6,,,,,,,,,,,,,,,,,,,,,,,,,,,,,,,,,,,100.4,99.7,99.0
2022-06,second_hand_category_2,济宁,,,,99.7,96.1,,99.4,96.4,,99.3,95.3,,,,,,,,,,,,,,,,,,,,,,,,,,,,,,,,,,,100.5,102.7,101.5
2022-06,second_hand_category_2,洛阳,,,,99.2,94.8,,99.4,95.0,,99.3,95.8,,,,,,,,,,,,,,,,,,,,,,,,,,,,,,,,,,,97.4,99.3,99.0
2022-06,second_hand_category_2,平顶山,,,,99.9,97.7,,99.6,97.2,,99.9,98.3,,,,,,,,,,,,,,,,,,,,,,,,,,,,,,,,,,,100.1,100.0,100.9
2022-06,second_hand_category_2,宜昌,,,,98.9,96.5,,98.6,94.2,,99.9,94.1,,,,,,,,,,,,,,,,,,,,,,,,,,,,,,,,,,,96.3,93.5,92.7
2022-06,second_hand_category_2,襄阳,,,,99.9,96.6,,99.4,95.4,,98.5,95.1,,,,,,,,,,,,,,,,,,,,,,,,,,,,,,,,,,,96.3,96.1,94.4
2022-06,second_hand_category_2,岳阳,,,,98.6,96.0,,99.2,96.4,,98.2,95.6,,,,,,,,,,,,,,,,,,,,,,,,,,,,,,,,,,,94.5,96.3,93.3
2022-06,second_hand_category_2,常德,,,,99.6,95.2,,99.9,95.0,,99.5,94.3,,,,,,,,,,,,,,,,,,,,,,,,,,,,,,,,,,,94.8,94.4,93.8
2022-06,second_hand_category_2,韶关,,,,99.4,97.7,,99.8,96.1,,99.7,96.4,,,,,,,,,,,,,,,,,,,,,,,,,,,,,,,,,,,99.2,97.6,97.7
2022-06,second_hand_category_2,湛江,,,,99.9,95.6,,100.0,95.5,,99.8,95.6,,,,,,,,,,,,,,,,,,,,,,,,,,,,,,,,,,,97.1,96.7,97.0
2022-06,second_hand_category_2,惠州,,,,99.8,98.0,,99.3,98.0,,99.7,97.1,,,,,,,,,,,,,,,,,,,,,,,,,,,,,,,,,,,102.2,102.1,102.7
2022-06,second_hand_category_2,桂林,,,,99.2,96.9,,100.0,97.9,,99.6,96.9,,,,,,,,,,,,,,,,,,,,,,,,,,,,,,,,,,,97.7,99.9,99.4
2022-06,second_hand_category_2,北海,,,,100.0,95.4,,99.6,94.8,,99.6,94.9,,,,,,,,,,,,,,,,,,,,,,,,,,,,,,,,,,,93.6,92.9,93.4
2022-06,second_hand_category_2,三亚,,,,100.2,99.7,,99.7,100.4,,99.9,99.8,,,,,,,,,,,,,,,,,,,,,,,,,,,,,,,,,,,104.8,105.5,103.8
2022-06,second_hand_category_2,泸州,,,,99.5,95.9,,99.6,97.2,,99.9,96.7,,,,,,,,,,,,,,,,,,,,,,,,,,,,,,,,,,,96.3,97.2,96.8
2022-06,second_hand_category_2,南充,,,,101.2,98.1,,101.0,98.0,,100.9,98.6,,,,,,,,,,,,,,,,,,,,,,,,,,,,,,,,,,,93.9,94.0,94.3
2022-06,second_hand_category_2,遵义,,,,99.0,95.4,,99.9,95.8,,98.7,93.8,,,,,,,,,,,,,,,,,,,,,,,,,,,,,,,,,,,95.8,95.9,94.5
2022-06,second_hand_category_2,大理,,,,100.6,94.2,,100.2,94.3,,100.3,93.5,,,,,,,,,,,,,,,,,,,,,,,,,,,,,,,,,,,96.2,96.4,94.6
2022-06,second_hand_category_2,,,,,,,,,,,,,,,,,,,,,,,,,,,,,,,,,,,,,,,,,,,,,,,,,
2022-04,second_hand_category_2,唐山,,,,99.5,97.8,,99.6,97.6,,99.8,95.9,,,,,,,,,,,,,,,,,,,,,,,,,,,,,,,,,,,101.3,101.3,99.8
2022-04,second_hand_category_2,秦皇岛,,,,99.9,95.6,,100.0,97.1,,99.7,96.4,,,,,,,,,,,,,,,,,,,,,,,,,,,,,,,,,,,97.0,98.5,97.1
2022-04,second_hand_category_2,包头,,,,99.7,98.5,,99.0,97.1,,99.8,97.0,,,,,,,,,,,,,,,,,,,,,,,,,,,,,,,,,,,101.2,99.0,98.4
2022-04,second_hand_category_2,丹东,,,,99.7,97.0,,99.5,96.6,,99.9,97.8,,,,,,,,,,,,,,,,,,,,,,,,,,,,,,,,,,,100.5,100.0,100.3
2022-04,second_hand_category_2,锦州,,,,99.1,96.3,,99.3,95.6,,99.5,97.5,,,,,,,,,,,,,,,,,,,,,,,,,,,,,,,,,,,95.9,94.8,97.5
2022-04,second_hand_category_2,吉林,,,,100.0,98.4,,100.0,96.8,,100.0,97.0,,,,,,,,,,,,,,,,,,,,,,,,,,,,,,,,,,,98.3,95.5,96.2
2022-04,second_hand_category_2,牡丹江,,,,100.0,90.2,,100.0,90.5,,100.0,91.9,,,,,,,,,,,,,,,,,,,,,,,,,,,,,,,,,,,85.4,85.8,87.7
2022-04,second_hand_category_2,无锡,,,,99.6,100.4,,99.9,101.7,,99.6,101.1,,,,,,,,,,,,,,,,,,,,,,,,,,,,,,,,,,,106.5,107.7,106.4
2022-04,second_hand_category_2,徐州,,,,100.3,98.6,,100.5,98.2,,100.1,98.0,,,,,,,,,,,,,,,,,,,,,,,,,,,,,,,,,,,106.5,106.3,105.5
2022-04,second_hand_category_2,扬州,,,,98.7,98.2,,98.7,98.1,,99.3,98.3,,,,,,,,,,,,,,,,,,,,,,,,,,,,,,,,,,,103.1,103.8,104.3
2022-04,second_hand_category_2,温州,,,,99.9,98.9,,99.4,99.3,,99.4,99.2,,,,,,,,,,,,,,,,,,,,,,,,,,,,,,,,,,,104.6,104.2,104.7
2022-04,second_hand_category_2,金华,,,,99.4,98.2,,99.7,98.4,,99.5,98.8,,,,,,,,,,,,,,,,,,,,,,,,,,,,,,,,,,,104.2,104.3,103.1
2022-04,second_hand_category_2,蚌埠,,,,99.7,98.7,,99.9,99.8,,99.8,99.6,,,,,,,,,,,,,,,,,,,,,,,,,,,,,,,,,,,102.4,103.4,102.9
2022-04,second_hand_category_2,安庆,,,,99.9,94.6,,99.6,94.9,,99.8,94.2,,,,,,,,,,,,,,,,,,,,,,,,,,,,,,,,,,,93.0,93.2,91.9
2022-04,second_hand_category_2,泉州,,,,99.4,99.0,,99.3,98.3,,99.6,98.2,,,,,,,,,,,,,,,,,,,,,,,,,,,,,,,,,,,105.2,104.7,104.4
2022-04,second_hand_category_2,九江,,,,99.9,98.9,,100.2,99.2,,99.6,97.7,,,,,,,,,,,,,,,,,,,,,,,,,,,,,,,,,,,101.7,102.1,100.0
2022-04,second_hand_category_2,赣州,,,,100.7,100.8,,100.0,100.2,,100.9,100.5,,,,,,,,,,,,,,,,,,,,,,,,,,,,,,,,,,,102.6,101.6,102.0
2022-04,second_hand_category_2,烟台,,,,99.4,98.8,,99.1,98.2,,99.1,98.4,,,,,,,,,,,,,,,,,,,,,,,,,,,,,,,,,,,100.7,100.8,100.2
2022-04,second_hand_category_2,济宁,,,,99.4,97.2,,99.6,99.2,,99.6,98.0,,,,,,,,,,,,,,,,,,,,,,,,,,,,,,,,,,,101.3,104.1,102.8
2022-04,second_hand_category_2,洛阳,,,,99.2,97.5,,99.0,97.2,,99.5,97.4,,,,,,,,,,,,,,,,,,,,,,,,,,,,,,,,,,,99.0,100.8,100.1
2022-04,second_hand_category_2,平顶山,,,,99.8,98.2,,99.5,97.8,,99.9,98.9,,,,,,,,,,,,,,,,,,,,,,,,,,,,,,,,,,,100.5,100.5,101.6
2022-04,second_hand_category_2,宜昌,,,,99.8,97.8,,99.9,96.3,,99.8,95.0,,,,,,,,,,,,,,,,,,,,,,,,,,,,,,,,,,,97.8,95.7,93.8
2022-04,second_hand_category_2,襄阳,,,,99.1,97.8,,99.5,97.3,,99.7,98.4,,,,,,,,,,,,,,,,,,,,,,,,,,,,,,,,,,,97.2,97.6,97.0
2022-04,second_hand_category_2,岳阳,,,,100.1,97.9,,100.2,98.1,,100.6,96.8,,,,,,,,,,,,,,,,,,,,,,,,,,,,,,,,,,,96.9,98.0,95.7
2022-04,second_hand_category_2,常德,,,,99.2,95.5,,99.9,95.9,,99.1,95.4,,,,,,,,,,,,,,,,,,,,,,,,,,,,,,,,,,,95.4,95.1,95.2
2022-04,second_hand_category_2,韶关,,,,99.8,97.8,,99.0,96.3,,99.5,96.9,,,,,,,,,,,,,,,,,,,,,,,,,,,,,,,,,,,99.7,97.6,97.9
2022-04,second_hand_category_2,湛江,,,,99.9,97.5,,99.7,96.8,,99.8,97.1,,,,,,,,,,,,,,,,,,,,,,,,,,,,,,,,,,,98.3,98.0,98.1
2022-04,second_hand_category_2,惠州,,,,99.6,99.4,,99.9,99.5,,99.5,98.3,,,,,,,,,,,,,,,,,,,,,,,,,,,,,,,,,,,103.2,102.9,103.4
2022-04,second_hand_category_2,桂林,,,,99.5,97.4,,99.7,98.3,,99.7,96.6,,,,,,,,,,,,,,,,,,,,,,,,,,,,,,,,,,,98.0,99.9,99.0
2022-04,second_hand_category_2,北海,,,,99.7,96.5,,99.8,96.7,,99.3,97.1,,,,,,,,,,,,,,,,,,,,,,,,,,,,,,,,,,,94.4,94.1,95.0
2022-04,second_hand_category_2,三亚,,,,100.1,101.5,,99.9,101.7,,99.8,101.4,,,,,,,,,,,,,,,,,,,,,,,,,,,,,,,,,,,105.1,106.1,104.1
2022-04,second_hand_category_2,泸州,,,,99.8,97.5,,99.8,98.1,,100.1,97.5,,,,,,,,,,,,,,,,,,,,,,,,,,,,,,,,,,,97.1,97.7,97.5
2022-04,second_hand_category_2,南充,,,,100.4,95.6,,100.5,95.6,,100.2,96.2,,,,,,,,,,,,,,,,,,,,,,,,,,,,,,,,,,,92.2,92.6,92.5
2022-04,second_hand_category_2,遵义,,,,99.8,95.7,,99.7,96.0,,99.6,96.9,,,,,,,,,,,,,,,,,,,,,,,,,,,,,,,,,,,97.7,96.6,97.1
2022-04,second_hand_category_2,大理,,,,99.2,93.4,,99.2,94.5,,98.7,94.9,,,,,,,,,,,,,,,,,,,,,,,,,,,,,,,,,,,95.9,96.5,95.6
2022-04,second_hand_category_2,,,,,,,,,,,,,,,,,,,,,,,,,,,,,,,,,,,,,,,,,,,,,,,,,
2022-03,second_hand_category_2,唐山,,,,100.0,97.6,,100.0,97.9,,100.0,96.1,,,,,,,,,,,,,,,,,,,,,,,,,,,,,,,,,,,101.8,101.7,100.0
2022-03,second_hand_category_2,秦皇岛,,,,99.3,95.6,,99.8,97.0,,99.6,96.0,,,,,,,,,,,,,,,,,,,,,,,,,,,,,,,,,,,97.1,98.6,97.4
2022-03,second_hand_category_2,包头,,,,99.7,99.3,,99.4,98.8,,99.5,97.3,,,,,,,,,,,,,,,,,,,,,,,,,,,,,,,,,,,101.5,100.0,98.6
2022-03,second_hand_category_2,丹东,,,,99.2,97.7,,99.5,97.4,,99.8,98.3,,,,,,,,,,,,,,,,,,,,,,,,,,,,,,,,,,,100.8,100.6,100.5
2022-03,second_hand_category_2,锦州,,,,99.8,96.7,,99.9,95.8,,100.0,97.8,,,,,,,,,,,,,,,,,,,,,,,,,,,,,,,,,,,96.8,95.5,98.0
2022-03,second_hand_category_2,吉林,,,,100.0,98.5,,100.0,96.9,,100.0,97.1,,,,,,,,,,,,,,,,,,,,,,,,,,,,,,,,,,,98.3,95.5,96.2
2022-03,second_hand_category_2,牡丹江,,,,98.0,90.3,,97.8,90.1,,97.4,91.9,,,,,,,,,,,,,,,,,,,,,,,,,,,,,,,,,,,85.4,85.8,87.7
2022-03,second_hand_category_2,无锡,,,,100.1,101.5,,101.0,102.6,,100.3,101.7,,,,,,,,,,,,,,,,,,,,,,,,,,,,,,,,,,,106.9,107.8,106.8
2022-03,second_hand_category_2,徐州,,,,99.4,99.5,,99.3,99.4,,99.0,98.5,,,,,,,,,,,,,,,,,,,,,,,,,,,,,,,,,,,106.2,105.8,105.4
2022-03,second_hand_category_2,扬州,,,,100.0,100.6,,100.7,99.8,,100.7,100.1,,,,,,,,,,,,,,,,,,,,,,,,,,,,,,,,,,,104.5,105.2,104.9
2022-03,second_hand_category_2,温州,,,,99.6,100.0,,99.6,100.2,,99.4,101.0,,,,,,,,,,,,,,,,,,,,,,,,,,,,,,,,,,,104.7,104.9,105.3
2022-03,second_hand_category_2,金华,,,,99.0,99.0,,99.3,99.2,,99.8,99.4,,,,,,,,,,,,,,,,,,,,,,,,,,,,,,,,,,,104.7,104.6,103.6
2022-03,second_hand_category_2,蚌埠,,,,99.7,99.4,,99.8,100.2,,100.0,100.0,,,,,,,,,,,,,,,,,,,,,,,,,,,,,,,,,,,102.8,103.5,103.2
2022-03,second_hand_category_2,安庆,,,,99.6,94.5,,98.9,95.1,,99.0,94.1,,,,,,,,,,,,,,,,,,,,,,,,,,,,,,,,,,,93.1,93.5,92.1
2022-03,second_hand_category_2,泉州,,,,99.8,100.3,,99.6,99.8,,99.4,100.2,,,,,,,,,,,,,,,,,,,,,,,,,,,,,,,,,,,105.8,105.4,104.8
2022-03,second_hand_category_2,九江,,,,99.7,99.2,,99.8,99.3,,99.5,98.7,,,,,,,,,,,,,,,,,,,,,,,,,,,,,,,,,,,101.8,101.9,100.4
2022-03,second_hand_category_2,赣州,,,,100.5,100.1,,99.9,100.1,,100.6,99.4,,,,,,,,,,,,,,,,,,,,,,,,,,,,,,,,,,,101.9,101.6,101.1
2022-03,second_hand_category_2,烟台,,,,99.8,99.8,,99.4,99.9,,100.0,99.3,,,,,,,,,,,,,,,,,,,,,,,,,,,,,,,,,,,101.2,101.7,101.1
2022-03,second_hand_category_2,济宁,,,,99.3,98.3,,100.0,100.0,,100.2,98.3,,,,,,,,,,,,,,,,,,,,,,,,,,,,,,,,,,,102.0,104.5,103.3
2022-03,second_hand_category_2,洛阳,,,,99.0,98.7,,100.2,99.5,,99.4,98.6,,,,,,,,,,,,,,,,,,,,,,,,,,,,,,,,,,,99.8,101.8,100.5
2022-03,second_hand_category_2,平顶山,,,,99.7,98.3,,99.6,98.6,,99.4,99.7,,,,,,,,,,,,,,,,,,,,,,,,,,,,,,,,,,,100.6,101.0,101.6
2022-03,second_hand_category_2,宜昌,,,,100.0,98.0,,99.5,96.3,,99.9,94.4,,,,,,,,,,,,,,,,,,,,,,,,,,,,,,,,,,,98.0,95.7,94.0
2022-03,second_hand_category_2,襄阳,,,,99.9,98.7,,100.0,98.4,,99.3,98.7,,,,,,,,,,,,,,,,,,,,,,,,,,,,,,,,,,,98.1,98.1,97.3
2022-03,second_hand_category_2,岳阳,,,,100.1,97.8,,100.1,97.7,,100.0,96.0,,,,,,,,,,,,,,,,,,,,,,,,,,,,,,,,,,,96.7,97.8,95.2
2022-03,second_hand_category_2,常德,,,,99.6,96.4,,99.8,96.0,,99.4,96.2,,,,,,,,,,,,,,,,,,,,,,,,,,,,,,,,,,,96.1,95.3,96.1
2022-03,second_hand_category_2,韶关,,,,99.7,98.1,,99.8,97.9,,99.9,97.9,,,,,,,,,,,,,,,,,,,,,,,,,,,,,,,,,,,99.9,98.6,98.4
2022-03,second_hand_category_2,湛江,,,,99.6,97.9,,99.8,98.0,,99.4,97.9,,,,,,,,,,,,,,,,,,,,,,,,,,,,,,,,,,,98.5,98.3,98.3
2022-03,second_hand_category_2,惠州,,,,99.5,100.0,,99.7,99.5,,100.0,99.4,,,,,,,,,,,,,,,,,,,,,,,,,,,,,,,,,,,103.7,103.0,103.9
2022-03,second_hand_category_2,桂林,,,,100.3,97.8,,100.1,98.3,,100.1,96.8,,,,,,,,,,,,,,,,,,,,,,,,,,,,,,,,,,,98.5,100.2,99.3
2022-03,second_hand_category_2,北海,,,,99.7,96.4,,99.5,96.9,,99.5,97.1,,,,,,,,,,,,,,,,,,,,,,,,,,,,,,,,,,,94.7,94.3,95.7
2022-03,second_hand_category_2,三亚,,,,100.0,102.2,,100.1,103.1,,100.5,101.9,,,,,,,,,,,,,,,,,,,,,,,,,,,,,,,,,,,105.0,106.2,104.2
2022-03,second_hand_category_2,泸州,,,,99.9,97.7,,99.2,99.1,,99.9,97.2,,,,,,,,,,,,,,,,,,,,,,,,,,,,,,,,,,,97.3,97.9,97.3
2022-03,second_hand_category_2,南充,,,,99.8,95.3,,100.0,95.7,,99.3,96.1,,,,,,,,,,,,,,,,,,,,,,,,,,,,,,,,,,,91.8,92.2,92.3
2022-03,second_hand_category_2,遵义,,,,99.3,95.9,,99.4,96.3,,99.3,96.5,,,,,,,,,,,,,,,,,,,,,,,,,,,,,,,,,,,97.8,96.9,97.5
2022-03,second_hand_category_2,大理,,,,99.3,94.6,,99.9,95.7,,99.1,95.7,,,,,,,,,,,,,,,,,,,,,,,,,,,,,,,,,,,96.7,97.3,96.9
2022-03,second_hand_category_2,,,,,,,,,,,,,,,,,,,,,,,,,,,,,,,,,,,,,,,,,,,,,,,,,
2022-02,second_hand_category_2,唐山,,,,100.0,97.6,,99.8,98.1,,99.9,96.6,,,,,,,,,,,,,,,,,,,,,,,,,,,,,,,,,,,101.8,101.7,100.0
2022-02,second_hand_category_2,秦 皇 岛,,,,99.8,96.1,,99.9,97.8,,99.9,96.8,,,,,,,,,,,,,,,,,,,,,,,,,,,,,,,,,,,97.8,98.7,97.8
2022-02,second_hand_category_2,包头,,,,99.8,99.9,,99.6,99.4,,99.9,99.1,,,,,,,,,,,,,,,,,,,,,,,,,,,,,,,,,,,101.8,100.7,99.1
2022-02,second_hand_category_2,丹东,,,,99.3,98.8,,98.7,97.9,,99.3,98.6,,,,,,,,,,,,,,,,,,,,,,,,,,,,,,,,,,,101.6,101.1,100.7
2022-02,second_hand_category_2,锦州,,,,99.6,96.8,,98.9,96.4,,99.9,97.6,,,,,,,,,,,,,,,,,,,,,,,,,,,,,,,,,,,97.0,95.5,97.9
2022-02,second_hand_category_2,吉林,,,,99.9,98.9,,98.8,97.2,,99.6,97.2,,,,,,,,,,,,,,,,,,,,,,,,,,,,,,,,,,,98.3,95.5,96.2
2022-02,second_hand_category_2,牡 丹 江,,,,98.4,92.2,,98.9,91.7,,97.6,94.3,,,,,,,,,,,,,,,,,,,,,,,,,,,,,,,,,,,87.1,87.8,90.0
2022-02,second_hand_category_2,无锡,,,,99.6,102.2,,99.9,102.8,,100.4,101.9,,,,,,,,,,,,,,,,,,,,,,,,,,,,,,,,,,,106.9,106.7,106.5
2022-02,second_hand_category_2,徐州,,,,99.5,100.8,,99.5,101.8,,100.3,100.4,,,,,,,,,,,,,,,,,,,,,,,,,,,,,,,,,,,106.7,106.6,106.4
2022-02,second_hand_category_2,扬州,,,,99.0,101.3,,99.8,100.2,,99.7,100.2,,,,,,,,,,,,,,,,,,,,,,,,,,,,,,,,,,,104.6,104.5,104.3
2022-02,second_hand_category_2,温州,,,,99.7,101.2,,99.8,101.1,,99.7,102.3,,,,,,,,,,,,,,,,,,,,,,,,,,,,,,,,,,,105.1,105.3,105.9
2022-02,second_hand_category_2,金华,,,,99.2,100.4,,99.6,100.4,,99.1,100.3,,,,,,,,,,,,,,,,,,,,,,,,,,,,,,,,,,,105.7,105.4,103.8
2022-02,second_hand_category_2,蚌埠,,,,99.9,100.6,,99.8,100.9,,100.5,100.1,,,,,,,,,,,,,,,,,,,,,,,,,,,,,,,,,,,103.1,103.8,103.2
2022-02,second_hand_category_2,安庆,,,,99.1,94.7,,99.7,96.0,,99.7,95.3,,,,,,,,,,,,,,,,,,,,,,,,,,,,,,,,,,,93.4,94.6,93.0
2022-02,second_hand_category_2,泉州,,,,100.1,101.2,,99.8,101.0,,99.5,101.4,,,,,,,,,,,,,,,,,,,,,,,,,,,,,,,,,,,106.0,105.8,105.4
2022-02,second_hand_category_2,九江,,,,99.9,99.8,,100.1,100.2,,100.1,100.0,,,,,,,,,,,,,,,,,,,,,,,,,,,,,,,,,,,102.1,102.1,100.9
2022-02,second_hand_category_2,赣州,,,,100.0,99.7,,99.7,100.1,,99.2,99.0,,,,,,,,,,,,,,,,,,,,,,,,,,,,,,,,,,,101.4,101.6,100.5
2022-02,second_hand_category_2,烟台,,,,99.4,100.6,,99.3,100.8,,99.5,99.9,,,,,,,,,,,,,,,,,,,,,,,,,,,,,,,,,,,101.4,102.3,101.1
2022-02,second_hand_category_2,济宁,,,,99.4,99.1,,99.7,100.4,,99.6,98.7,,,,,,,,,,,,,,,,,,,,,,,,,,,,,,,,,,,102.7,104.5,103.1
2022-02,second_hand_category_2,洛阳,,,,99.5,99.9,,99.2,99.8,,98.4,100.0,,,,,,,,,,,,,,,,,,,,,,,,,,,,,,,,,,,100.8,101.7,101.1
2022-02,second_hand_category_2,平 顶 山,,,,99.5,98.6,,99.8,99.1,,100.1,100.5,,,,,,,,,,,,,,,,,,,,,,,,,,,,,,,,,,,100.9,101.4,102.2
2022-02,second_hand_category_2,宜昌,,,,99.5,98.1,,99.4,97.0,,99.4,94.5,,,,,,,,,,,,,,,,,,,,,,,,,,,,,,,,,,,98.0,96.3,94.1
2022-02,second_hand_category_2,襄阳,,,,99.8,98.9,,99.7,98.8,,99.8,99.6,,,,,,,,,,,,,,,,,,,,,,,,,,,,,,,,,,,98.2,98.0,98.0
2022-02,second_hand_category_2,岳阳,,,,99.8,97.7,,99.6,97.0,,99.9,96.1,,,,,,,,,,,,,,,,,,,,,,,,,,,,,,,,,,,96.7,97.8,95.3
2022-02,second_hand_category_2,常德,,,,99.3,96.9,,99.5,96.5,,99.4,96.5,,,,,,,,,,,,,,,,,,,,,,,,,,,,,,,,,,,96.5,95.5,96.6
2022-02,second_hand_category_2,韶关,,,,99.3,99.2,,99.5,98.5,,99.2,98.2,,,,,,,,,,,,,,,,,,,,,,,,,,,,,,,,,,,100.1,98.8,98.4
2022-02,second_hand_category_2,湛江,,,,99.8,98.8,,99.9,98.6,,99.8,99.1,,,,,,,,,,,,,,,,,,,,,,,,,,,,,,,,,,,98.8,98.6,98.9
2022-02,second_hand_category_2,惠州,,,,100.8,101.1,,100.6,100.0,,100.4,100.0,,,,,,,,,,,,,,,,,,,,,,,,,,,,,,,,,,,104.2,103.2,103.9
2022-02,second_hand_category_2,桂林,,,,99.4,97.5,,99.8,98.5,,99.6,96.3,,,,,,,,,,,,,,,,,,,,,,,,,,,,,,,,,,,98.2,100.1,99.2
2022-02,second_hand_category_2,北海,,,,99.4,96.6,,99.5,97.2,,99.8,97.2,,,,,,,,,,,,,,,,,,,,,,,,,,,,,,,,,,,94.9,94.7,96.3
2022-02,second_hand_category_2,三亚,,,,99.8,103.1,,100.1,103.9,,100.2,101.7,,,,,,,,,,,,,,,,,,,,,,,,,,,,,,,,,,,105.0,106.1,103.7
2022-02,second_hand_category_2,泸州,,,,99.8,97.9,,100.0,99.3,,99.6,97.1,,,,,,,,,,,,,,,,,,,,,,,,,,,,,,,,,,,97.5,98.7,97.4
2022-02,second_hand_category_2,南充,,,,100.3,94.8,,100.3,95.3,,100.4,96.8,,,,,,,,,,,,,,,,,,,,,,,,,,,,,,,,,,,92.0,92.1,93.0
2022-02,second_hand_category_2,遵义,,,,99.8,97.1,,99.8,97.1,,99.2,97.8,,,,,,,,,,,,,,,,,,,,,,,,,,,,,,,,,,,98.5,97.5,98.2
2022-02,second_hand_category_2,大理,,,,99.5,95.7,,99.3,95.9,,99.0,96.5,,,,,,,,,,,,,,,,,,,,,,,,,,,,,,,,,,,97.4,97.4,97.7
2022-01,second_hand_category_2,唐山,,,,100.0,98.2,,100.0,98.9,,99.9,97.2,,,,,,,,,,,,,,,,,,,,,,,,,,,,,,,,,,,101.8,102.0,100.1
2022-01,second_hand_category_2,秦皇岛,,,,99.6,96.2,,99.7,97.6,,100.0,96.8,,,,,,,,,,,,,,,,,,,,,,,,,,,,,,,,,,,98.0,98.9,97.9
2022-01,second_hand_category_2,包头,,,,99.8,100.5,,99.7,99.9,,99.7,99.1,,,,,,,,,,,,,,,,,,,,,,,,,,,,,,,,,,,102.0,101.0,99.2
2022-01,second_hand_category_2,丹东,,,,99.1,99.7,,99.4,99.3,,98.9,99.6,,,,,,,,,,,,,,,,,,,,,,,,,,,,,,,,,,,102.3,102.4,101.5
2022-01,second_hand_category_2,锦州,,,,99.6,97.4,,100.0,97.6,,100.0,98.0,,,,,,,,,,,,,,,,,,,,,,,,,,,,,,,,,,,97.4,96.6,98.1
2022-01,second_hand_category_2,吉林,,,,99.9,99.3,,99.1,98.5,,99.5,97.5,,,,,,,,,,,,,,,,,,,,,,,,,,,,,,,,,,,98.5,96.6,96.6
2022-01,second_hand_category_2,牡丹江,,,,98.9,93.5,,98.3,92.7,,99.1,96.7,,,,,,,,,,,,,,,,,,,,,,,,,,,,,,,,,,,88.5,88.7,92.3
2022-01,second_hand_category_2,无锡,,,,100.1,103.0,,100.5,103.2,,100.3,102.2,,,,,,,,,,,,,,,,,,,,,,,,,,,,,,,,,,,107.3,106.9,106.2
2022-01,second_hand_category_2,徐州,,,,100.3,101.9,,99.5,102.3,,99.9,100.8,,,,,,,,,,,,,,,,,,,,,,,,,,,,,,,,,,,107.3,107.1,106.1
2022-01,second_hand_category_2,扬州,,,,100.0,102.4,,99.4,101.3,,99.8,101.1,,,,,,,,,,,,,,,,,,,,,,,,,,,,,,,,,,,105.6,104.7,104.6
2022-01,second_hand_category_2,温州,,,,100.1,102.5,,100.0,102.2,,100.0,103.0,,,,,,,,,,,,,,,,,,,,,,,,,,,,,,,,,,,105.5,105.6,106.2
2022-01,second_hand_category_2,金华,,,,99.5,101.6,,99.8,101.4,,99.7,101.7,,,,,,,,,,,,,,,,,,,,,,,,,,,,,,,,,,,106.6,105.8,104.7
2022-01,second_hand_category_2,蚌埠,,,,99.6,100.8,,100.0,101.6,,99.0,99.7,,,,,,,,,,,,,,,,,,,,,,,,,,,,,,,,,,,103.2,104.0,102.7
2022-01,second_hand_category_2,安庆,,,,99.1,95.2,,99.4,96.0,,99.5,95.0,,,,,,,,,,,,,,,,,,,,,,,,,,,,,,,,,,,94.2,94.8,93.3
2022-01,second_hand_category_2,泉州,,,,99.8,102.1,,99.3,102.2,,99.6,102.2,,,,,,,,,,,,,,,,,,,,,,,,,,,,,,,,,,,106.0,105.9,105.9
2022-01,second_hand_category_2,九江,,,,100.4,100.0,,99.5,100.8,,99.7,100.2,,,,,,,,,,,,,,,,,,,,,,,,,,,,,,,,,,,102.2,102.0,100.8
2022-01,second_hand_category_2,赣州,,,,99.1,99.7,,99.7,100.9,,99.3,100.0,,,,,,,,,,,,,,,,,,,,,,,,,,,,,,,,,,,101.4,102.0,101.3
2022-01,second_hand_category_2,烟台,,,,99.8,101.6,,99.2,101.7,,99.4,100.7,,,,,,,,,,,,,,,,,,,,,,,,,,,,,,,,,,,102.0,103.0,101.6
2022-01,second_hand_category_2,济宁,,,,100.2,100.0,,99.0,101.5,,99.4,99.3,,,,,,,,,,,,,,,,,,,,,,,,,,,,,,,,,,,103.4,104.8,103.5
2022-01,second_hand_category_2,洛阳,,,,99.2,100.5,,99.4,100.6,,99.5,100.9,,,,,,,,,,,,,,,,,,,,,,,,,,,,,,,,,,,101.3,102.4,102.7
2022-01,second_hand_category_2,平顶山,,,,99.7,98.8,,99.9,100.2,,99.7,100.6,,,,,,,,,,,,,,,,,,,,,,,,,,,,,,,,,,,101.4,101.6,102.2
2022-01,second_hand_category_2,宜昌,,,,99.9,98.5,,99.4,97.4,,99.8,94.7,,,,,,,,,,,,,,,,,,,,,,,,,,,,,,,,,,,98.5,96.8,94.7
2022-01,second_hand_category_2,襄阳,,,,99.5,98.7,,99.4,99.2,,99.6,99.0,,,,,,,,,,,,,,,,,,,,,,,,,,,,,,,,,,,98.4,98.3,98.3
2022-01,second_hand_category_2,岳阳,,,,100.0,97.6,,100.0,97.3,,100.2,95.5,,,,,,,,,,,,,,,,,,,,,,,,,,,,,,,,,,,96.9,98.2,95.4
2022-01,second_hand_category_2,常德,,,,99.2,97.4,,99.2,96.9,,99.3,97.3,,,,,,,,,,,,,,,,,,,,,,,,,,,,,,,,,,,97.2,96.0,97.2
2022-01,second_hand_category_2,韶关,,,,99.9,100.0,,99.5,99.2,,99.7,99.0,,,,,,,,,,,,,,,,,,,,,,,,,,,,,,,,,,,100.8,99.4,99.3
2022-01,second_hand_category_2,湛江,,,,99.1,99.4,,99.0,99.0,,99.4,99.3,,,,,,,,,,,,,,,,,,,,,,,,,,,,,,,,,,,99.0,98.6,99.1
2022-01,second_hand_category_2,惠州,,,,100.6,100.8,,100.5,100.0,,100.0,100.4,,,,,,,,,,,,,,,,,,,,,,,,,,,,,,,,,,,103.4,102.6,103.5
2022-01,second_hand_category_2,桂林,,,,99.8,98.2,,100.0,98.7,,99.3,97.6,,,,,,,,,,,,,,,,,,,,,,,,,,,,,,,,,,,98.8,100.3,99.6
2022-01,second_hand_category_2,北海,,,,98.6,97.0,,99.2,97.4,,98.9,97.2,,,,,,,,,,,,,,,,,,,,,,,,,,,,,,,,,,,95.5,95.2,96.5
2022-01,second_hand_category_2,三亚,,,,99.5,103.4,,99.7,105.4,,99.6,102.0,,,,,,,,,,,,,,,,,,,,,,,,,,,,,,,,,,,105.2,106.0,103.5
2022-01,second_hand_category_2,泸州,,,,98.2,98.4,,99.9,99.7,,99.5,98.2,,,,,,,,,,,,,,,,,,,,,,,,,,,,,,,,,,,97.6,98.7,97.8
2022-01,second_hand_category_2,南充,,,,99.4,94.4,,100.1,94.9,,99.5,95.9,,,,,,,,,,,,,,,,,,,,,,,,,,,,,,,,,,,91.7,91.8,92.6
2022-01,second_hand_category_2,遵义,,,,99.6,97.7,,99.4,97.4,,99.9,98.6,,,,,,,,,,,,,,,,,,,,,,,,,,,,,,,,,,,98.7,97.8,99.0
2022-01,second_hand_category_2,大理,,,,99.9,97.0,,100.1,97.0,,99.6,98.1,,,,,,,,,,,,,,,,,,,,,,,,,,,,,,,,,,,97.9,98.1,98.7
2021-12,second_hand_category_2,唐山,,,,99.5,98.6,,99.7,99.2,,99.6,98.2,,,,,,,,,,,,,,,,,,,,,,,,,,,,,,,,,,,101.8,102.0,100.2
2021-12,second_hand_category_2,秦皇岛,,,,99.5,96.7,,99.5,97.6,,99.4,96.8,,,,,,,,,,,,,,,,,,,,,,,,,,,,,,,,,,,98.4,99.2,98.0
2021-12,second_hand_category_2,包头,,,,99.3,101.1,,99.8,100.1,,99.8,99.7,,,,,,,,,,,,,,,,,,,,,,,,,,,,,,,,,,,102.2,101.3,99.4
2021-12,second_hand_category_2,丹东,,,,99.0,101.0,,99.6,100.0,,99.4,100.7,,,,,,,,,,,,,,,,,,,,,,,,,,,,,,,,,,,103.2,103.0,102.6
2021-12,second_hand_category_2,锦州,,,,99.9,97.7,,99.5,96.9,,99.6,97.8,,,,,,,,,,,,,,,,,,,,,,,,,,,,,,,,,,,97.8,96.5,98.0
2021-12,second_hand_category_2,吉林,,,,99.6,99.9,,99.5,99.0,,99.8,97.8,,,,,,,,,,,,,,,,,,,,,,,,,,,,,,,,,,,98.6,97.5,97.1
2021-12,second_hand_category_2,牡丹江,,,,98.5,94.0,,99.1,94.3,,99.5,97.2,,,,,,,,,,,,,,,,,,,,,,,,,,,,,,,,,,,89.5,90.2,93.1
2021-12,second_hand_category_2,无锡,,,,99.9,103.5,,99.0,103.4,,99.1,103.6,,,,,,,,,,,,,,,,,,,,,,,,,,,,,,,,,,,107.2,106.4,105.8
2021-12,second_hand_category_2,徐州,,,,99.8,102.8,,99.2,103.8,,99.7,101.7,,,,,,,,,,,,,,,,,,,,,,,,,,,,,,,,,,,107.0,107.6,106.2
2021-12,second_hand_category_2,扬州,,,,99.7,103.0,,98.9,102.3,,99.2,102.3,,,,,,,,,,,,,,,,,,,,,,,,,,,,,,,,,,,105.6,105.3,104.9
2021-12,second_hand_category_2,温州,,,,99.8,103.2,,99.6,102.6,,99.6,103.6,,,,,,,,,,,,,,,,,,,,,,,,,,,,,,,,,,,105.4,105.5,106.2
2021-12,second_hand_category_2,金华,,,,99.9,103.4,,99.7,103.1,,99.4,103.0,,,,,,,,,,,,,,,,,,,,,,,,,,,,,,,,,,,107.1,106.0,105.0
2021-12,second_hand_category_2,蚌埠,,,,99.3,101.5,,99.8,102.1,,99.4,101.5,,,,,,,,,,,,,,,,,,,,,,,,,,,,,,,,,,,103.6,104.0,103.8
2021-12,second_hand_category_2,安庆,,,,99.6,96.0,,99.5,96.5,,99.4,95.0,,,,,,,,,,,,,,,,,,,,,,,,,,,,,,,,,,,95.1,95.4,93.8
2021-12,second_hand_category_2,泉州,,,,99.4,102.9,,99.6,104.1,,99.3,103.3,,,,,,,,,,,,,,,,,,,,,,,,,,,,,,,,,,,106.2,106.6,106.3
2021-12,second_hand_category_2,九江,,,,100.0,100.3,,99.4,102.1,,100.0,101.1,,,,,,,,,,,,,,,,,,,,,,,,,,,,,,,,,,,101.8,102.5,101.0
2021-12,second_hand_category_2,赣州,,,,100.3,100.7,,99.9,101.1,,100.0,100.8,,,,,,,,,,,,,,,,,,,,,,,,,,,,,,,,,,,102.3,102.2,102.1
2021-12,second_hand_category_2,烟台,,,,99.6,101.9,,100.3,103.1,,100.0,102.2,,,,,,,,,,,,,,,,,,,,,,,,,,,,,,,,,,,102.3,103.8,102.2
2021-12,second_hand_category_2,济宁,,,,99.5,100.1,,99.3,103.2,,98.8,100.7,,,,,,,,,,,,,,,,,,,,,,,,,,,,,,,,,,,103.2,105.9,104.1
2021-12,second_hand_category_2,洛阳,,,,99.4,101.1,,99.3,101.6,,99.5,101.8,,,,,,,,,,,,,,,,,,,,,,,,,,,,,,,,,,,102.1,103.1,103.3
2021-12,second_hand_category_2,平顶山,,,,99.7,99.5,,99.9,100.5,,100.1,101.3,,,,,,,,,,,,,,,,,,,,,,,,,,,,,,,,,,,101.7,101.7,102.5
2021-12,second_hand_category_2,宜昌,,,,99.7,98.5,,99.4,97.7,,99.7,94.0,,,,,,,,,,,,,,,,,,,,,,,,,,,,,,,,,,,98.6,97.4,94.8
2021-12,second_hand_category_2,襄阳,,,,99.9,99.1,,99.5,99.7,,100.0,99.7,,,,,,,,,,,,,,,,,,,,,,,,,,,,,,,,,,,98.9,98.9,98.7
2021-12,second_hand_category_2,岳阳,,,,99.4,97.4,,99.7,97.1,,99.3,95.3,,,,,,,,,,,,,,,,,,,,,,,,,,,,,,,,,,,96.9,98.2,95.2
2021-12,second_hand_category_2,常德,,,,99.1,98.0,,99.4,97.8,,99.7,97.9,,,,,,,,,,,,,,,,,,,,,,,,,,,,,,,,,,,98.0,96.8,97.8
2021-12,second_hand_category_2,韶关,,,,99.4,100.1,,100.0,99.9,,99.5,99.8,,,,,,,,,,,,,,,,,,,,,,,,,,,,,,,,,,,100.9,99.9,99.6
2021-12,second_hand_category_2,湛江,,,,99.7,100.1,,99.4,99.9,,99.7,99.8,,,,,,,,,,,,,,,,,,,,,,,,,,,,,,,,,,,99.9,99.6,99.6
2021-12,second_hand_category_2,惠州,,,,99.8,100.6,,99.7,100.4,,99.7,101.0,,,,,,,,,,,,,,,,,,,,,,,,,,,,,,,,,,,102.8,102.2,103.5
2021-12,second_hand_category_2,桂林,,,,99.4,98.4,,100.2,99.5,,99.3,98.6,,,,,,,,,,,,,,,,,,,,,,,,,,,,,,,,,,,99.0,100.3,100.3
2021-12,second_hand_category_2,北海,,,,99.2,98.5,,99.6,97.7,,99.4,98.5,,,,,,,,,,,,,,,,,,,,,,,,,,,,,,,,,,,96.8,95.9,97.6
2021-12,second_hand_category_2,三亚,,,,99.3,104.5,,99.4,106.2,,99.5,103.2,,,,,,,,,,,,,,,,,,,,,,,,,,,,,,,,,,,105.7,106.3,103.9
2021-12,second_hand_category_2,泸州,,,,99.6,100.3,,99.8,99.9,,99.6,99.3,,,,,,,,,,,,,,,,,,,,,,,,,,,,,,,,,,,99.4,98.8,98.3
2021-12,second_hand_category_2,南充,,,,99.4,94.7,,99.5,94.3,,100.0,96.4,,,,,,,,,,,,,,,,,,,,,,,,,,,,,,,,,,,92.2,91.7,93.0
2021-12,second_hand_category_2,遵义,,,,99.3,99.0,,99.8,98.4,,99.6,99.0,,,,,,,,,,,,,,,,,,,,,,,,,,,,,,,,,,,99.1,98.4,99.0
2021-12,second_hand_category_2,大理,,,,99.0,97.4,,99.1,97.0,,99.8,98.7,,,,,,,,,,,,,,,,,,,,,,,,,,,,,,,,,,,98.0,98.0,99.1
2021-06,second_hand_category_2,唐山,,,,100.4,104.0,,99.9,103.0,,100.1,102.9,,,,,,,,,,,,,,,,,,,,,,,,,,,,,,,,,,,103.5,103.2,103.2
2021-06,second_hand_category_2,秦皇岛,,,,99.6,100.9,,99.4,102.0,,99.6,101.0,,,,,,,,,,,,,,,,,,,,,,,,,,,,,,,,,,,100.4,101.3,100.5
2021-06,second_hand_category_2,包头,,,,100.1,104.0,,100.3,102.2,,99.8,101.0,,,,,,,,,,,,,,,,,,,,,,,,,,,,,,,,,,,103.9,102.6,101.4
2021-06,second_hand_category_2,丹东,,,,100.2,104.9,,100.0,104.6,,100.2,103.2,,,,,,,,,,,,,,,,,,,,,,,,,,,,,,,,,,,104.4,103.7,103.2
2021-06,second_hand_category_2,锦州,,,,99.8,99.9,,99.6,98.6,,99.8,100.6,,,,,,,,,,,,,,,,,,,,,,,,,,,,,,,,,,,99.4,98.5,99.7
2021-06,second_hand_category_2,吉林,,,,99.9,99.0,,99.8,98.1,,99.7,98.9,,,,,,,,,,,,,,,,,,,,,,,,,,,,,,,,,,,99.8,98.5,98.9
2021-06,second_hand_category_2,牡丹江,,,,99.2,93.8,,99.5,94.1,,99.8,95.5,,,,,,,,,,,,,,,,,,,,,,,,,,,,,,,,,,,93.8,94.0,95.0
2021-06,second_hand_category_2,无锡,,,,100.7,107.4,,101.1,107.8,,101.0,106.3,,,,,,,,,,,,,,,,,,,,,,,,,,,,,,,,,,,107.1,107.6,107.1
2021-06,second_hand_category_2,徐州,,,,100.2,109.3,,100.7,111.0,,100.4,111.2,,,,,,,,,,,,,,,,,,,,,,,,,,,,,,,,,,,108.7,110.9,109.2
2021-06,second_hand_category_2,扬州,,,,101.2,107.3,,100.5,108.4,,100.0,107.0,,,,,,,,,,,,,,,,,,,,,,,,,,,,,,,,,,,106.6,107.6,106.7
2021-06,second_hand_category_2,温州,,,,100.5,106.9,,100.4,107.1,,101.1,107.4,,,,,,,,,,,,,,,,,,,,,,,,,,,,,,,,,,,106.7,106.5,107.5
2021-06,second_hand_category_2,金华,,,,100.8,108.6,,101.0,108.5,,101.3,107.8,,,,,,,,,,,,,,,,,,,,,,,,,,,,,,,,,,,107.6,107.3,107.3
2021-06,second_hand_category_2,蚌埠,,,,100.8,105.0,,100.6,104.9,,101.1,104.5,,,,,,,,,,,,,,,,,,,,,,,,,,,,,,,,,,,104.8,104.7,104.9
2021-06,second_hand_category_2,安庆,,,,99.9,97.2,,99.8,97.3,,99.4,96.4,,,,,,,,,,,,,,,,,,,,,,,,,,,,,,,,,,,97.9,97.6,96.7
2021-06,second_hand_category_2,泉州,,,,100.4,107.9,,101.0,108.5,,100.2,108.2,,,,,,,,,,,,,,,,,,,,,,,,,,,,,,,,,,,107.1,108.3,107.3
2021-06,second_hand_category_2,九江,,,,100.5,103.0,,100.4,103.1,,100.4,102.4,,,,,,,,,,,,,,,,,,,,,,,,,,,,,,,,,,,103.4,103.6,103.1
2021-06,second_hand_category_2,赣州,,,,99.8,101.5,,100.4,102.0,,100.1,101.3,,,,,,,,,,,,,,,,,,,,,,,,,,,,,,,,,,,101.0,101.8,101.0
2021-06,second_hand_category_2,烟台,,,,100.4,102.6,,100.1,104.0,,100.5,103.6,,,,,,,,,,,,,,,,,,,,,,,,,,,,,,,,,,,102.4,103.4,102.5
2021-06,second_hand_category_2,济宁,,,,100.1,105.0,,100.6,107.6,,100.9,108.0,,,,,,,,,,,,,,,,,,,,,,,,,,,,,,,,,,,104.6,106.5,106.5
2021-06,second_hand_category_2,洛阳,,,,100.1,103.3,,100.4,104.8,,100.4,104.0,,,,,,,,,,,,,,,,,,,,,,,,,,,,,,,,,,,102.8,104.5,103.4
2021-06,second_hand_category_2,平顶山,,,,100.0,102.9,,100.0,103.2,,100.1,103.0,,,,,,,,,,,,,,,,,,,,,,,,,,,,,,,,,,,102.5,102.9,102.7
2021-06,second_hand_category_2,宜昌,,,,99.9,100.4,,100.0,99.5,,99.9,100.1,,,,,,,,,,,,,,,,,,,,,,,,,,,,,,,,,,,99.8,99.3,98.5
2021-06,second_hand_category_2,襄阳,,,,100.1,100.0,,100.3,100.3,,100.1,99.2,,,,,,,,,,,,,,,,,,,,,,,,,,,,,,,,,,,99.7,100.8,99.2
2021-06,second_hand_category_2,岳阳,,,,100.2,98.0,,99.9,99.7,,99.3,97.3,,,,,,,,,,,,,,,,,,,,,,,,,,,,,,,,,,,98.4,99.9,97.6
2021-06,second_hand_category_2,常德,,,,99.6,100.5,,100.3,99.0,,99.9,100.5,,,,,,,,,,,,,,,,,,,,,,,,,,,,,,,,,,,99.6,99.3,99.4
2021-06,second_hand_category_2,韶关,,,,99.2,102.3,,99.6,101.8,,100.0,101.5,,,,,,,,,,,,,,,,,,,,,,,,,,,,,,,,,,,101.6,101.5,101.3
2021-06,second_hand_category_2,湛江,,,,100.6,102.4,,100.2,101.9,,100.4,101.8,,,,,,,,,,,,,,,,,,,,,,,,,,,,,,,,,,,101.6,101.2,101.4
2021-06,second_hand_category_2,惠州,,,,100.2,105.2,,100.5,105.3,,100.4,106.6,,,,,,,,,,,,,,,,,,,,,,,,,,,,,,,,,,,104.3,104.2,105.8
2021-06,second_hand_category_2,桂林,,,,99.9,100.8,,100.4,102.4,,100.3,102.2,,,,,,,,,,,,,,,,,,,,,,,,,,,,,,,,,,,100.8,102.0,102.5
2021-06,second_hand_category_2,北海,,,,100.4,98.0,,100.7,97.6,,100.3,99.1,,,,,,,,,,,,,,,,,,,,,,,,,,,,,,,,,,,98.1,98.0,98.4
2021-06,second_hand_category_2,三亚,,,,100.6,106.2,,100.2,104.8,,100.6,104.6,,,,,,,,,,,,,,,,,,,,,,,,,,,,,,,,,,,105.1,105.1,104.0
2021-06,second_hand_category_2,泸州,,,,100.3,100.9,,100.0,99.8,,99.8,100.3,,,,,,,,,,,,,,,,,,,,,,,,,,,,,,,,,,,100.4,100.0,100.1
2021-06,second_hand_category_2,南充,,,,99.7,95.2,,99.2,95.7,,100.2,95.0,,,,,,,,,,,,,,,,,,,,,,,,,,,,,,,,,,,95.7,95.9,95.6
2021-06,second_hand_category_2,遵义,,,,99.1,100.1,,100.2,100.5,,100.3,101.2,,,,,,,,,,,,,,,,,,,,,,,,,,,,,,,,,,,100.4,100.2,100.7
2021-06,second_hand_category_2,大理,,,,99.6,102.6,,99.9,102.6,,100.3,101.8,,,,,,,,,,,,,,,,,,,,,,,,,,,,,,,,,,,102.2,102.2,101.2
2021-03,second_hand_category_2,唐山,,,,100.0,106.8,,100.2,107.0,,100.5,106.0,,,,,,,,,,,,,,,,,,,,,,,,,,,,,,,,,,,104.2,103.9,104.0
2021-03,second_hand_category_2,秦皇岛,,,,99.8,104.0,,100.6,103.5,,100.5,102.5,,,,,,,,,,,,,,,,,,,,,,,,,,,,,,,,,,,101.6,101.6,101.5
2021-03,second_hand_category_2,包头,,,,100.4,103.4,,100.0,102.8,,101.3,100.4,,,,,,,,,,,,,,,,,,,,,,,,,,,,,,,,,,,102.3,101.3,101.3
2021-03,second_hand_category_2,丹东,,,,100.3,105.0,,100.1,104.3,,100.1,103.6,,,,,,,,,,,,,,,,,,,,,,,,,,,,,,,,,,,103.2,103.3,102.3
2021-03,second_hand_category_2,锦州,,,,99.9,99.3,,100.5,99.4,,99.9,100.0,,,,,,,,,,,,,,,,,,,,,,,,,,,,,,,,,,,100.1,99.7,100.2
2021-03,second_hand_category_2,吉林,,,,100.4,99.4,,100.3,97.5,,100.1,98.3,,,,,,,,,,,,,,,,,,,,,,,,,,,,,,,,,,,99.8,98.5,99.1
2021-03,second_hand_category_2,牡丹江,,,,100.2,90.2,,99.7,91.1,,100.0,91.2,,,,,,,,,,,,,,,,,,,,,,,,,,,,,,,,,,,94.6,95.3,95.4
2021-03,second_hand_category_2,无锡,,,,100.7,109.1,,101.2,109.2,,100.5,108.0,,,,,,,,,,,,,,,,,,,,,,,,,,,,,,,,,,,105.3,105.1,105.0
2021-03,second_hand_category_2,徐州,,,,100.7,110.1,,101.8,109.9,,100.9,108.5,,,,,,,,,,,,,,,,,,,,,,,,,,,,,,,,,,,106.7,106.5,107.0
2021-03,second_hand_category_2,扬州,,,,100.6,105.1,,101.1,106.9,,100.8,106.7,,,,,,,,,,,,,,,,,,,,,,,,,,,,,,,,,,,103.9,105.4,104.9
2021-03,second_hand_category_2,温州,,,,100.8,106.8,,100.5,108.2,,100.7,107.3,,,,,,,,,,,,,,,,,,,,,,,,,,,,,,,,,,,104.7,104.6,104.2
2021-03,second_hand_category_2,金华,,,,100.4,108.5,,100.5,107.2,,100.7,104.9,,,,,,,,,,,,,,,,,,,,,,,,,,,,,,,,,,,105.8,105.5,104.2
2021-03,second_hand_category_2,蚌埠,,,,100.9,105.0,,100.5,105.0,,100.1,105.8,,,,,,,,,,,,,,,,,,,,,,,,,,,,,,,,,,,103.4,103.4,103.2
2021-03,second_hand_category_2,安庆,,,,99.9,98.4,,99.8,97.8,,100.2,97.4,,,,,,,,,,,,,,,,,,,,,,,,,,,,,,,,,,,98.5,98.3,97.8
2021-03,second_hand_category_2,泉州,,,,100.7,108.1,,100.8,107.3,,100.6,105.8,,,,,,,,,,,,,,,,,,,,,,,,,,,,,,,,,,,105.5,105.5,104.6
2021-03,second_hand_category_2,九江,,,,100.3,103.8,,100.6,102.8,,100.8,102.6,,,,,,,,,,,,,,,,,,,,,,,,,,,,,,,,,,,102.6,102.6,101.7
2021-03,second_hand_category_2,赣州,,,,100.2,102.9,,99.9,102.8,,100.2,103.0,,,,,,,,,,,,,,,,,,,,,,,,,,,,,,,,,,,101.9,101.4,101.7
2021-03,second_hand_category_2,烟台,,,,100.6,101.3,,100.3,101.8,,100.6,101.1,,,,,,,,,,,,,,,,,,,,,,,,,,,,,,,,,,,101.4,101.8,101.8
2021-03,second_hand_category_2,济宁,,,,100.1,105.5,,100.4,106.4,,100.5,107.4,,,,,,,,,,,,,,,,,,,,,,,,,,,,,,,,,,,103.8,104.5,105.0
2021-03,second_hand_category_2,洛阳,,,,100.2,102.0,,100.5,103.4,,100.8,103.2,,,,,,,,,,,,,,,,,,,,,,,,,,,,,,,,,,,101.1,102.4,102.0
2021-03,second_hand_category_2,平顶山,,,,100.1,104.0,,100.2,103.6,,100.2,102.7,,,,,,,,,,,,,,,,,,,,,,,,,,,,,,,,,,,102.4,102.5,102.0
2021-03,second_hand_category_2,宜昌,,,,100.1,100.2,,100.2,99.7,,100.0,100.0,,,,,,,,,,,,,,,,,,,,,,,,,,,,,,,,,,,100.0,99.5,99.6
2021-03,second_hand_category_2,襄阳,,,,100.1,99.1,,100.5,99.4,,100.1,98.0,,,,,,,,,,,,,,,,,,,,,,,,,,,,,,,,,,,99.4,99.7,98.6
2021-03,second_hand_category_2,岳阳,,,,100.1,99.5,,99.4,101.5,,100.0,99.5,,,,,,,,,,,,,,,,,,,,,,,,,,,,,,,,,,,99.0,100.1,99.1
2021-03,second_hand_category_2,常德,,,,100.0,100.1,,100.3,98.0,,99.7,99.6,,,,,,,,,,,,,,,,,,,,,,,,,,,,,,,,,,,99.7,99.2,99.9
2021-03,second_hand_category_2,韶关,,,,100.9,102.4,,100.3,100.4,,100.2,100.4,,,,,,,,,,,,,,,,,,,,,,,,,,,,,,,,,,,101.8,100.7,100.5
2021-03,second_hand_category_2,湛江,,,,100.6,100.0,,100.3,99.9,,100.7,100.0,,,,,,,,,,,,,,,,,,,,,,,,,,,,,,,,,,,100.6,100.3,100.4
2021-03,second_hand_category_2,惠州,,,,100.5,104.9,,100.2,104.2,,100.6,106.7,,,,,,,,,,,,,,,,,,,,,,,,,,,,,,,,,,,103.6,103.5,104.5
2021-03,second_hand_category_2,桂林,,,,100.0,101.4,,100.3,102.6,,99.6,105.0,,,,,,,,,,,,,,,,,,,,,,,,,,,,,,,,,,,100.7,101.9,102.7
2021-03,second_hand_category_2,北海,,,,99.9,96.9,,99.8,96.1,,99.6,96.5,,,,,,,,,,,,,,,,,,,,,,,,,,,,,,,,,,,98.2,97.3,98.6
2021-03,second_hand_category_2,三亚,,,,100.9,102.4,,100.8,103.1,,100.3,101.9,,,,,,,,,,,,,,,,,,,,,,,,,,,,,,,,,,,102.8,103.0,102.3
2021-03,second_hand_category_2,泸州,,,,100.1,99.3,,99.4,97.8,,99.9,99.8,,,,,,,,,,,,,,,,,,,,,,,,,,,,,,,,,,,99.6,98.8,100.1
2021-03,second_hand_category_2,南充,,,,99.4,94.9,,99.5,94.6,,100.1,95.0,,,,,,,,,,,,,,,,,,,,,,,,,,,,,,,,,,,96.4,96.3,96.1
2021-03,second_hand_category_2,遵义,,,,100.5,102.2,,100.2,100.9,,100.7,101.1,,,,,,,,,,,,,,,,,,,,,,,,,,,,,,,,,,,102.0,100.6,101.0
2021-03,second_hand_category_2,大理,,,,100.5,102.5,,100.1,102.9,,100.0,102.3,,,,,,,,,,,,,,,,,,,,,,,,,,,,,,,,,,,102.2,101.6,101.2
2020-11,second_hand_category_2,唐山,,,,100.8,109.3,,99.9,109.7,,100.2,108.0,,,,,,,,,,,,,,,,,,,,,,,,,,,,,,,,,,,144.6,142.2,132.8
2020-11,second_hand_category_2,秦皇岛,,,,100.5,104.3,,100.2,102.6,,100.4,101.9,,,,,,,,,,,,,,,,,,,,,,,,,,,,,,,,,,,137.3,136.5,124.2
2020-11,second_hand_category_2,包头,,,,100.1,101.1,,100.1,104.1,,99.7,99.0,,,,,,,,,,,,,,,,,,,,,,,,,,,,,,,,,,,113.5,119.3,108.3
2020-11,second_hand_category_2,丹东,,,,100.5,105.1,,100.7,105.7,,100.4,103.7,,,,,,,,,,,,,,,,,,,,,,,,,,,,,,,,,,,121.2,126.1,116.8
2020-11,second_hand_category_2,锦州,,,,100.3,99.4,,99.9,99.7,,99.6,100.7,,,,,,,,,,,,,,,,,,,,,,,,,,,,,,,,,,,104.0,101.8,102.3
2020-11,second_hand_category_2,吉林,,,,99.8,99.9,,99.6,99.2,,100.5,100.4,,,,,,,,,,,,,,,,,,,,,,,,,,,,,,,,,,,123.0,121.6,119.8
2020-11,second_hand_category_2,牡丹江,,,,99.4,90.7,,99.6,89.9,,100.0,89.4,,,,,,,,,,,,,,,,,,,,,,,,,,,,,,,,,,,99.5,97.5,89.8
2020-11,second_hand_category_2,无锡,,,,100.0,108.4,,100.4,107.6,,99.8,106.1,,,,,,,,,,,,,,,,,,,,,,,,,,,,,,,,,,,161.2,157.3,158.4
2020-11,second_hand_category_2,扬州,,,,100.1,104.4,,100.2,104.1,,99.7,104.3,,,,,,,,,,,,,,,,,,,,,,,,,,,,,,,,,,,136.8,131.6,132.5
2020-11,second_hand_category_2,徐州,,,,100.5,108.4,,100.7,108.3,,101.2,105.7,,,,,,,,,,,,,,,,,,,,,,,,,,,,,,,,,,,139.7,135.7,136.8
2020-11,second_hand_category_2,温州,,,,99.9,104.5,,100.3,104.3,,100.8,104.9,,,,,,,,,,,,,,,,,,,,,,,,,,,,,,,,,,,130.8,121.5,115.1
2020-11,second_hand_category_2,金华,,,,100.1,105.2,,100.5,103.2,,100.0,101.9,,,,,,,,,,,,,,,,,,,,,,,,,,,,,,,,,,,131.2,122.6,119.6
2020-11,second_hand_category_2,蚌埠,,,,100.6,104.0,,100.4,103.1,,100.6,105.8,,,,,,,,,,,,,,,,,,,,,,,,,,,,,,,,,,,131.9,126.5,130.4
2020-11,second_hand_category_2,安庆,,,,99.4,98.8,,99.9,97.8,,99.7,99.2,,,,,,,,,,,,,,,,,,,,,,,,,,,,,,,,,,,115.8,116.3,117.0
2020-11,second_hand_category_2,泉州,,,,100.7,105.6,,100.1,103.2,,100.8,102.8,,,,,,,,,,,,,,,,,,,,,,,,,,,,,,,,,,,121.5,121.0,121.0
2020-11,second_hand_category_2,九江,,,,100.3,103.0,,100.7,102.2,,100.1,101.0,,,,,,,,,,,,,,,,,,,,,,,,,,,,,,,,,,,135.8,130.3,128.4
2020-11,second_hand_category_2,赣州,,,,100.7,104.0,,100.1,103.2,,100.5,104.2,,,,,,,,,,,,,,,,,,,,,,,,,,,,,,,,,,,134.9,134.2,130.1
2020-11,second_hand_category_2,烟台,,,,100.4,97.9,,100.3,97.6,,100.1,97.8,,,,,,,,,,,,,,,,,,,,,,,,,,,,,,,,,,,127.5,123.3,120.1
2020-11,second_hand_category_2,济宁,,,,100.1,104.8,,100.4,105.6,,101.0,105.5,,,,,,,,,,,,,,,,,,,,,,,,,,,,,,,,,,,140.9,145.6,145.5
2020-11,second_hand_category_2,洛阳,,,,100.1,104.0,,99.8,103.5,,99.7,103.7,,,,,,,,,,,,,,,,,,,,,,,,,,,,,,,,,,,137.8,128.9,130.0
2020-11,second_hand_category_2,平顶山,,,,100.2,104.5,,100.0,104.7,,99.9,103.5,,,,,,,,,,,,,,,,,,,,,,,,,,,,,,,,,,,123.5,128.0,129.0
2020-11,second_hand_category_2,宜昌,,,,99.9,99.0,,100.0,99.1,,99.9,100.2,,,,,,,,,,,,,,,,,,,,,,,,,,,,,,,,,,,120.0,118.0,114.0
2020-11,second_hand_category_2,襄阳,,,,99.7,99.0,,99.8,99.0,,100.2,97.1,,,,,,,,,,,,,,,,,,,,,,,,,,,,,,,,,,,121.4,122.8,113.3
2020-11,second_hand_category_2,岳阳,,,,100.2,100.0,,100.2,101.3,,100.4,100.5,,,,,,,,,,,,,,,,,,,,,,,,,,,,,,,,,,,114.5,112.5,114.6
2020-11,second_hand_category_2,常德,,,,100.1,99.1,,100.5,97.5,,100.2,98.2,,,,,,,,,,,,,,,,,,,,,,,,,,,,,,,,,,,113.1,111.2,111.9
2020-11,second_hand_category_2,惠州,,,,100.1,103.2,,100.1,103.3,,99.8,105.3,,,,,,,,,,,,,,,,,,,,,,,,,,,,,,,,,,,141.2,137.3,141.3
2020-11,second_hand_category_2,湛江,,,,99.8,97.3,,100.0,97.3,,100.5,98.3,,,,,,,,,,,,,,,,,,,,,,,,,,,,,,,,,,,106.2,109.4,114.1
2020-11,second_hand_category_2,韶关,,,,100.6,99.8,,100.3,99.2,,100.2,99.9,,,,,,,,,,,,,,,,,,,,,,,,,,,,,,,,,,,112.4,117.8,115.6
2020-11,second_hand_category_2,桂林,,,,100.1,102.5,,100.4,102.4,,99.9,102.5,,,,,,,,,,,,,,,,,,,,,,,,,,,,,,,,,,,116.7,113.1,114.6
2020-11,second_hand_category_2,北海,,,,99.6,96.4,,99.8,96.8,,99.6,95.9,,,,,,,,,,,,,,,,,,,,,,,,,,,,,,,,,,,118.2,121.1,116.0
2020-11,second_hand_category_2,三亚,,,,100.5,99.3,,99.8,98.9,,100.4,100.3,,,,,,,,,,,,,,,,,,,,,,,,,,,,,,,,,,,119.6,119.5,118.4
2020-11,second_hand_category_2,泸州,,,,99.9,97.4,,99.8,97.7,,99.4,98.2,,,,,,,,,,,,,,,,,,,,,,,,,,,,,,,,,,,117.5,116.6,113.0
2020-11,second_hand_category_2,南充,,,,98.7,95.2,,99.6,94.8,,98.3,94.6,,,,,,,,,,,,,,,,,,,,,,,,,,,,,,,,,,,114.9,114.5,114.9
2020-11,second_hand_category_2,遵义,,,,100.2,98.9,,100.1,98.9,,100.3,98.4,,,,,,,,,,,,,,,,,,,,,,,,,,,,,,,,,,,115.0,113.4,109.1
2020-11,second_hand_category_2,大理,,,,99.9,102.7,,100.1,104.0,,99.5,103.4,,,,,,,,,,,,,,,,,,,,,,,,,,,,,,,,,,,132.8,136.0,131.3
